last_name,Name,area,salary
Springett,Ignatius,"Business Development",135189
Admans,Sandro,"Product Management",174195
Corfield,Wainwright,Engineering,164055
Isoldi,Dyann,Engineering,135543
Oret,Grantley,Services,166001
Brain,Dud,"Business Development",150237
Conford,Aguie,"Business Development",174698
Longley,Alida,Accounting,156904
Petre,Laraine,Engineering,140626
Froome,Arleyne,Engineering,137597
Nafzger,Regen,"Human Resources",164369
Wenman,Penelope,"Business Development",154937
Fruchon,Tobiah,Services,138757
Burrells,Lola,"Human Resources",132408
Edgeler,Hamel,"Human Resources",152256
Berntssen,Shalne,"Business Development",132654
Hayhow,Woodie,Engineering,170827
Ales0,Claude,Sales,126534
Durrand,Perla,Sales,178809
Bertrand,Hobart,"Business Development",129612
Leathe,Nobe,Engineering,174045
Gosson,Peta,"Human Resources",146252
Batter,Ninnette,"Business Development",152349
Cowl,Emili,Engineering,160528
Painten,Edeline,Services,172415
"Mc Ilory",Meggi,Training,152355
Muckian,Giordano,"Business Development",126833
Coopey,Nickolas,Support,135192
Blooman,Corrina,Services,155224
Brough,Odey,Engineering,143824
Astridge,Lenka,"Human Resources",134657
Brownell,Chrysa,Engineering,150586
Dictus,Ronda,Training,139256
Bourget,Diandra,"Human Resources",133999
Dancey,Hyman,Training,179502
Arendt,Northrup,Services,181268
Arro,Guntar,"Business Development",147374
Crady,Isador,Training,171873
Dionisii,Nichol,"Business Development",153741
Coldman,Addie,Engineering,184325
Dawdry,Jake,Engineering,147458
Connold,Calypso,"Business Development",131425
Morant,Filberte,Engineering,180378
Sandever,Romy,"Research and Development",159712
Pirozzi,Willdon,Support,125642
Mallebone,Paddie,"Human Resources",165021
Renshall,Dario,Accounting,176947
McRoberts,Gamaliel,Accounting,169540
Chaulk,Demetre,Sales,178594
Banasevich,Temple,Engineering,131359
Olivier,Gabie,Engineering,155030
Price,Sarajane,Accounting,180400
Mathissen,Bethina,Engineering,154164
Rubinsohn,Joshua,Services,180107
Vickars,Conroy,"Business Development",153512
Swindells,Roscoe,Accounting,174120
Obal,Antonietta,Engineering,173686
Thornton-Dewhirst,Dannie,Accounting,151416
Jeavon,Gertrud,"Research and Development",141441
Berrecloth,Linoel,Engineering,141146
Sworder,Lucias,Engineering,167127
"Mc Grath",Malvina,Engineering,129922
Yurivtsev,Yves,"Human Resources",179943
O'Duilleain,Ruby,"Business Development",139305
Walaron,Joseito,Services,182319
Steagall,Aura,Accounting,164594
Ibbitt,Flory,"Human Resources",160270
Everall,Carly,Support,141114
Gosker,Reginald,Engineering,133844
Moff,Kimmi,Engineering,146729
Marcq,Adina,Engineering,128676
Cohalan,Enrica,Engineering,147439
Hannent,Valera,Engineering,182104
Geffinger,Albrecht,Sales,171215
Pafford,Orsa,"Human Resources",174195
Canario,Maridel,Engineering,149261
Bleakman,Cammy,Accounting,163199
Perot,Theodor,Engineering,141898
Larive,Lu,"Human Resources",135078
Scotts,Emanuele,Engineering,157506
Ricci,Kiley,Training,149623
Corsor,Pavel,Services,154864
Lambdin,Kaylee,Engineering,174420
Risen,Chrisy,Engineering,175768
Lissemore,Tab,"Business Development",157628
Hassey,Rem,Accounting,134748
Klosges,Sheppard,"Product Management",174964
Clowney,Raphaela,Engineering,141259
Sherborne,Idalia,Services,168491
MacConnechie,Terence,Engineering,177085
Ousbie,Shane,Training,168549
Yakebovitch,Cammi,"Research and Development",176576
Prue,Sterling,"Human Resources",152763
Owbrick,Glenna,Accounting,150508
Mitten,Lorianna,Accounting,168875
O'Spellissey,Modesty,Services,129938
Lawleff,Gabie,Training,132408
Shillinglaw,Irvine,Engineering,172924
Copcote,Lissi,Engineering,176373
Piecha,Mohandis,Engineering,170790
"Van Leeuwen",Caressa,Engineering,138682
Oakenfull,Garrard,Sales,141948
Denyakin,Rosie,Engineering,154987
Shute,Lettie,Engineering,157248
Andrzej,Sharline,Accounting,158433
Melling,Liesa,Auditing,166453
Whitland,Dale,Accounting,142805
Waggatt,Mechelle,"Human Resources",157155
Laing,Merlina,Engineering,152098
Hayley,Lorianna,Engineering,146324
Finan,Carina,Engineering,183905
Grimme,Nana,"Product Management",151834
Lafferty,Amandy,Marketing,147523
Bault,Kerianne,"Business Development",144361
Tremoille,Adam,"Human Resources",141864
Avramow,Shae,"Human Resources",156913
Aarons,Jock,Engineering,173688
Sundin,Dion,"Human Resources",142629
Oldknow,Tierney,Support,168965
Garred,Whitney,"Business Development",167035
Marriot,Josephine,Engineering,147302
Dreakin,Larine,Engineering,155052
Sturr,Aldus,Services,184237
Weiss,Merv,Accounting,161942
Hunnybun,Jaynell,"Product Management",171244
Phette,Ives,"Human Resources",129518
Bryns,Barry,Engineering,138901
Dadge,Forrester,Engineering,131492
Fonzone,Shanon,"Human Resources",173104
Allchorne,Elisabet,Sales,145410
Pywell,Yorgo,Accounting,156459
Spottiswoode,Louise,Sales,146168
Renals,Gene,Legal,141951
Nanson,Thelma,Services,171064
Shankster,Maribelle,"Human Resources",138654
Kob,Dena,Accounting,141659
Dillamore,Tannie,Sales,163542
Stiell,Leyla,Training,179568
Sive,Manon,Engineering,133399
Vallerine,Xenos,Training,156861
Mepsted,Nell,Services,174117
Schiefersten,Janie,"Human Resources",180553
Balog,Hugues,Engineering,133393
Tritton,Yorker,Engineering,176068
Simmins,Rubi,Services,136654
Simmig,Hube,"Product Management",150927
Very,Nixie,Training,137289
Bradnam,Augustina,Legal,163331
Wilks,Shellysheldon,"Business Development",173005
Chalcot,Samaria,"Human Resources",138784
Shimmings,Editha,Engineering,128212
Dowden,Forrester,Engineering,154281
Cleaton,Imojean,"Business Development",178445
Londors,Franzen,Sales,126494
Padell,Delaney,Accounting,161277
Greaterex,Lyda,"Human Resources",176676
Tavner,Gusella,"Research and Development",126058
Wildin,Abagael,Sales,128750
Lomb,Bryn,Accounting,149590
Horick,Kizzee,Services,161612
Wildber,Vanda,Engineering,154982
Otham,Jaquenetta,Accounting,158086
Donwell,Ericka,Engineering,175201
Boyett,Sam,Services,163031
Rannald,Katya,"Business Development",129267
Prudham,Gertruda,"Business Development",141543
Chazotte,Melissa,"Human Resources",144553
McGarrell,Nari,Engineering,174984
Gabbotts,Marya,"Research and Development",177373
Rathe,Godfrey,Engineering,139387
Jones,Valaree,Services,175476
Gothrup,Jocelyn,"Human Resources",128750
Lamping,Mabelle,Accounting,137771
Borrott,Brew,"Product Management",150533
McGoon,Harmonia,Engineering,149426
Geeves,Linzy,Engineering,141586
Hitzschke,Ernest,Engineering,164810
Casetti,Rosamond,Training,139428
Bramford,Goddart,Accounting,132301
Hegley,Duane,Training,167322
Leander,Ruprecht,"Business Development",149604
Izakovitz,Clarence,"Business Development",140943
Bartel,Winnifred,Engineering,182660
Zannolli,Kile,"Human Resources",178933
Beastall,Udall,Engineering,148130
"Sainte Paul",Aksel,Accounting,173862
McNaughton,Meghann,Engineering,148820
Spurier,Neil,Support,180805
Rzehorz,Seline,Training,158894
Heinzler,Aggy,Engineering,154300
Woodvine,Salvatore,"Human Resources",128023
Crust,Jordan,Services,172896
Conerding,Vivi,"Business Development",152985
Iltchev,Gisella,Accounting,181518
Goater,Bran,Engineering,162322
Clavey,Timoteo,Engineering,132640
Fatkin,Quintina,Sales,155477
Tordiffe,Clayborne,"Business Development",133652
Deegin,"Jo ann",Engineering,180840
Tylor,Colby,Accounting,160673
Ivison,Brittney,Services,151166
Bramford,Kenyon,Engineering,141129
McMurtyr,Madelina,Engineering,148970
Hay,Aluino,Training,150227
Kimbling,Darrick,Engineering,138720
Arnull,Margarete,"Research and Development",153176
Renzo,Caitrin,Accounting,145825
Stawell,Cassie,Sales,153930
Dorrell,Gillian,Engineering,182357
Ferrarese,Dyana,Training,152623
Wilcinskis,Alic,"Human Resources",172784
Laborde,Lisle,Accounting,158307
Denerley,Terrill,Services,128848
Bayston,Nolly,Services,164372
Agget,Sorcha,Accounting,167529
Cinderey,Eilis,Accounting,149710
Sheldon,Winnie,Engineering,171890
Sinisbury,Maryrose,Engineering,178905
Antognazzi,Walker,Engineering,172210
Chaffey,Micky,Engineering,130726
Springham,Abbott,Accounting,151323
McCarry,Kiley,Training,132522
McBeath,Rodi,Services,128491
Chatband,Trenton,Engineering,161031
Sculpher,Crin,Legal,150282
Coggin,Jesselyn,Accounting,159165
Learman,Hunter,Accounting,152781
Horsted,Rich,Engineering,154919
Rushsorth,D'arcy,Support,146427
Quarrell,Eli,Engineering,180652
Trudgian,Brett,Engineering,152602
Youens,Beatrix,Sales,131402
Zanre,Daryle,Engineering,181519
Waples,Candi,Services,175957
Oakeby,Sindee,Accounting,158192
Faircliff,Regina,Services,132183
Ramas,Pierette,Training,143952
McDougle,Garret,Sales,141721
Petkens,Peta,"Business Development",148242
Cayzer,Tiff,"Human Resources",130466
Orviss,Blondy,"Business Development",156637
Allitt,Georgy,Engineering,126745
McDoual,Halli,"Human Resources",138566
Portriss,Burlie,Services,130366
McIlmorie,Stormi,Services,146259
Gooley,Melloney,"Human Resources",134234
Bohlje,Roselin,Engineering,168501
Chamberlin,Mada,"Business Development",153507
Whillock,Valerye,"Human Resources",172722
Charpin,Fraze,Training,147404
Spiteri,Maynord,Accounting,179581
Tuite,Rob,"Human Resources",166879
Crosthwaite,Esta,Engineering,138699
Seyfart,Barri,Engineering,183815
Beacroft,Jania,Accounting,163719
Quixley,Terra,"Business Development",183546
Wayne,Charlotta,"Research and Development",174333
Borell,Corette,Sales,136731
Bilbee,Wayne,Engineering,160232
Sheather,Irina,Accounting,142318
Stock,Dunc,Engineering,151803
Hattam,Vinny,Sales,176464
Sivewright,Aube,Engineering,153951
Gane,Nessie,Accounting,142127
Siddle,Oralia,Accounting,159641
Mordaunt,Marley,"Business Development",158576
Rean,Wynn,Accounting,140287
Follett,Freddy,Accounting,144620
O'Fallone,Madeleine,Sales,166269
Berkery,Nicolas,Engineering,140623
Nesby,Juan,Engineering,138419
Neilus,Amby,Sales,145096
Domesday,Wainwright,"Human Resources",169616
Brislawn,Calvin,Engineering,149065
Langan,Hermy,"Business Development",136079
Febry,Terra,Training,175746
Stainland,Ingeborg,Accounting,169661
Charlot,Jodi,Engineering,138716
Cape,Rodney,Training,132329
Ingry,Isa,Engineering,170925
Magee,Guillema,Engineering,173121
Inkle,Abe,Engineering,128512
Jantet,Jed,Support,179437
Castagnaro,Vale,Training,152908
Battleson,Laverna,Engineering,135692
Koch,Ilyssa,"Research and Development",142247
Romand,Tonnie,Support,184866
Muggleton,Scarlet,Engineering,168090
Shinton,Colet,Accounting,143875
"O' Markey",Dana,"Human Resources",145135
Isham,Ferguson,Support,173542
Josowitz,Correna,Training,135512
Linklater,Beauregard,"Human Resources",170926
Barlace,Celestina,Accounting,177189
Seniour,Thacher,Sales,182577
Collinson,Damon,Engineering,172863
Twiggs,Ronna,Training,183249
Leggan,Raleigh,Engineering,168242
Dutch,Clemmy,Services,152910
Bogges,Sauncho,Accounting,184587
Rump,Diena,Accounting,162190
Abba,Sharleen,Engineering,173241
Rowson,Audrye,Engineering,142123
Proom,Herb,Engineering,182042
Manjin,Welsh,"Business Development",136874
Dowe,Bonita,"Business Development",140689
Gracey,Saidee,Accounting,146198
"D' Angelo",Arluene,Engineering,164838
Waterstone,Madelaine,Marketing,155236
Meddick,Jesus,Engineering,125990
Jacklings,Ninon,Training,156418
MacAne,Abrahan,Services,152574
Brogan,Lindi,Accounting,169054
Alekhov,Harris,Accounting,148372
Harland,Frank,Services,162292
Blackaller,Darleen,Services,174650
Lowth,Kariotta,"Business Development",131128
Frankema,Tod,"Business Development",164429
Peatman,Tobit,Engineering,158582
Petty,Blanch,Engineering,149683
Lang,Will,Engineering,160132
Jaffrey,Alonso,Support,139823
Thomsen,Dolly,"Product Management",151497
Upcraft,Zoe,Sales,141245
Disley,Hyacinth,Engineering,139286
Threadgill,Eyde,"Human Resources",162016
Olivia,Quill,Training,182493
Kopf,Luciana,"Research and Development",150162
Barkhouse,Lauretta,Engineering,131937
Hightown,Ethelind,Accounting,148288
Vergo,Shirleen,Services,160254
Benediktsson,Bethany,Accounting,161986
Frary,Bryce,Engineering,151814
Hall-Gough,Vanessa,"Business Development",137294
Castaner,Kelley,Engineering,154394
Smitherham,Bryce,Accounting,128125
Oleksinski,Tarrah,Engineering,150043
Blitzer,Jo-ann,"Research and Development",136999
Lander,Evanne,Accounting,145389
Codrington,Shepard,Accounting,168900
Note,Nicholas,Engineering,168719
Beed,Peggie,Training,175755
Bissatt,Karlan,Engineering,178247
Kirsche,Mickie,Services,129021
Morsey,Pippa,Auditing,141929
Blogg,Nettle,Engineering,162894
Belverstone,Ethelyn,Engineering,183904
Gillicuddy,Ware,Services,156243
O'Moylane,Price,Support,144892
Iveagh,Rutger,"Research and Development",155676
"Le Fevre",Farr,Sales,128108
Tchir,Rhiamon,"Product Management",171877
Banbrick,Mayne,Sales,144196
Beverstock,Emmott,"Human Resources",126691
Tidbury,Ainslie,Engineering,141280
Guirau,Finn,Marketing,171710
Masterman,Camille,Engineering,126451
Loade,Filippo,Sales,154685
Brotheridge,Claudina,Accounting,173529
Housecroft,Alanson,"Product Management",166561
Purchase,Jeremy,Engineering,160620
Callum,Sunny,Engineering,154122
Farington,Kristel,"Human Resources",151386
Smieton,Christoph,Training,162200
Foyle,Gaile,Sales,167238
Darey,Tully,Marketing,145410
Jankovsky,Dougy,Accounting,168884
Vatini,Winthrop,Accounting,165889
Morland,Benedicto,Training,138401
Bunston,Bridget,Engineering,168155
Blackly,Vivia,Legal,145702
Loftin,Lexi,Engineering,170137
Elven,Charo,Engineering,170906
Pashby,Berti,Accounting,164420
Pluvier,Lisle,Training,131447
Willbraham,Jeanna,Training,136509
McIlmorie,Ariel,Engineering,138135
Northbridge,Diann,Accounting,128097
Bromell,Nikolaus,Legal,167681
Furzer,Latia,"Human Resources",182872
Keigher,Moe,"Research and Development",140420
Armistead,Mathilde,Services,128655
Archell,Niki,Accounting,130260
Priestman,Ferguson,"Research and Development",169247
Hagergham,Katerine,Support,162497
McLice,Lizabeth,"Business Development",166569
Wight,Nisse,Engineering,158686
Fish,Rowe,Engineering,173719
Chatten,Eliot,Engineering,128004
Meace,Lombard,Engineering,146187
Paulin,Laurianne,Engineering,177384
Nunson,Bendix,Engineering,141705
Abbot,Gladi,Accounting,149717
Swaddle,Vonnie,Accounting,132093
Nickols,Angel,Accounting,156601
Windaybank,Prudi,Support,143173
Wiszniewski,Catherin,Training,133309
Daish,Cash,Services,128798
Rawll,Ramon,Engineering,129469
Forsdyke,Shana,"Research and Development",126225
Finker,Lambert,Engineering,165586
Curl,Mathew,"Research and Development",175716
Georgiades,Godfry,Sales,164992
Gepheart,Fax,Training,177949
Odger,Nap,Training,158095
Degoy,Candie,Training,163653
Turnpenny,Maiga,Engineering,143452
Larne,Natty,Engineering,165340
Abelson,Sophey,"Research and Development",158580
Longthorne,Chrystel,"Business Development",153485
"Le febre",Haleigh,Accounting,165722
Bowra,Karin,"Business Development",162266
Sweating,Wilmette,"Business Development",148300
Ballham,Dion,Accounting,166059
Koschke,Collen,Engineering,141840
Urwin,Clo,"Business Development",141438
Corben,Alameda,Sales,161133
Durrand,Glory,Engineering,159762
Lambdean,Loutitia,"Research and Development",140193
Maplesden,Glennie,Engineering,137761
Frichley,Filberto,Sales,160973
Kincade,Jeniece,Engineering,130454
Sugge,Ingaberg,Accounting,161515
Froud,Brenda,Engineering,164671
Sleith,Duke,Training,158056
Dyott,Harald,Engineering,172420
Genner,Odetta,Accounting,154923
Shillito,Tripp,Training,161223
"Di Pietro",Dwight,Engineering,184080
Churcher,Stefa,Training,138585
Tuson,Chris,Engineering,155876
Oldroyde,Bale,Engineering,158781
Treanor,Pavlov,Support,173557
Cafe,Elly,Accounting,161431
Fasset,Corrie,Engineering,156204
Charrier,Cly,"Human Resources",158437
Doiley,Mendy,Sales,174172
Inskipp,Karlotta,"Human Resources",171012
Goosey,Carissa,Engineering,152749
Judson,Pepillo,Legal,140738
Mellhuish,Reagan,Sales,174299
Jakolevitch,Rebekah,Engineering,150847
Fenna,Evonne,Accounting,133371
Lytton,Willow,"Research and Development",144048
Danaher,Fayth,Training,148268
Garford,Juliet,Sales,137435
Drewery,Beck,Support,145349
Pagen,Berkeley,Engineering,143599
Wiggall,Jethro,Engineering,136727
Thunderchief,Caralie,Engineering,184989
Knightsbridge,Alejoa,Services,161847
Davinet,Teddie,Engineering,165065
Gerin,Weylin,Engineering,178779
Beebe,Sandy,Services,168925
Legerton,Nadia,"Business Development",173990
Peinke,Marline,Accounting,162012
Idell,Wenonah,Accounting,134350
Bennington,Dewain,"Business Development",180016
Terbeck,Karilynn,"Research and Development",154743
Riccelli,Reid,Accounting,129286
Stango,Xerxes,Services,141654
McKelvey,Zaneta,"Research and Development",184479
Careswell,Dorthea,Accounting,149424
Conley,Waylen,Engineering,182103
"de Cullip",Daphne,Accounting,146897
Little,Whitman,Services,132815
Tarbet,Moore,Services,175489
Magnus,Libby,Auditing,137528
Rainey,Yorker,Engineering,152278
Cooksley,Kendell,Engineering,161696
Stickins,Ellsworth,Engineering,158247
Pedgrift,Teodoor,Engineering,154630
Liptrot,Karalynn,Engineering,144334
Drynan,Trip,Sales,169361
Hallyburton,Antonia,Engineering,171005
Adacot,Gail,"Human Resources",128757
Goodfellowe,Cahra,"Business Development",142626
Gregory,Novelia,"Human Resources",145617
Olekhov,Arne,Engineering,175951
Baxster,Abdul,Services,142826
Franek,Berky,"Human Resources",126523
Posthill,Viva,Engineering,170318
Lilburne,Benji,Marketing,138260
Howard,Belva,Engineering,157120
Sictornes,Melitta,Engineering,180247
Tingcomb,Gleda,Support,174389
D'Onisi,Elisha,Accounting,137641
Axup,Ignacius,"Human Resources",131786
Boice,Conney,"Business Development",137117
Sheryn,Dewain,Engineering,134920
Tregoning,Tracee,"Human Resources",177536
Cardenoso,Marthe,Training,166630
Anwell,Borg,"Business Development",162671
Spino,Maurita,Engineering,178723
Rosenfeld,Levin,Engineering,149109
Scudamore,Zarla,Engineering,177254
Strelitzki,Rickie,Engineering,164684
Hue,Aldus,Engineering,150336
Hamsley,Kalie,Engineering,166340
Kilpin,Mitchael,Accounting,145044
Kunkler,Erskine,Accounting,132574
Colafate,Eloisa,Engineering,132753
Zannelli,Barron,Engineering,162417
Slack,Rosmunda,Sales,176029
Divina,Magda,Engineering,142300
Arnoult,Rafferty,Accounting,131874
Dedenham,Luther,"Human Resources",173446
Hardage,Allianora,"Human Resources",133422
Rycroft,Kelby,Legal,164713
Bercher,Hartwell,"Product Management",162982
Gilling,Kira,Engineering,172758
Yeabsley,Brande,Engineering,166664
Oven,Tarrah,Engineering,131785
Stanman,Mohandis,Accounting,138856
Bennion,Malory,"Product Management",159621
Allman,Barb,Support,138778
Spurway,Gabbey,Training,133779
Stenton,Renado,"Human Resources",130802
Cristobal,Cammi,"Research and Development",150222
Dulwitch,Chauncey,Engineering,181552
Saynor,Rhiamon,Services,130127
Pigott,Wilbur,Training,139933
Ainsley,Ichabod,Services,162637
Pleasance,Jolie,Accounting,182462
Wrankmore,Marten,Accounting,164614
Greguoli,Emlyn,"Research and Development",166070
Kuzma,Caresa,Engineering,152082
Livett,Gloria,Training,152087
Andreopolos,Jacqui,Accounting,131824
Redington,Edik,Marketing,125858
Tilte,Nollie,Accounting,170692
Soles,Fredrick,Engineering,152069
Haddrell,Derrick,Legal,156817
Culligan,Karrah,"Product Management",163733
Howsley,Pooh,Engineering,136277
Maryott,Laverna,Engineering,174490
Hebblethwaite,Garrett,Sales,125824
Jakobssen,Doloritas,Training,144321
Escalero,Felike,"Research and Development",137152
Mariel,Prudence,"Product Management",160867
Denty,Ralph,Services,167794
Heymann,Rhona,Engineering,171394
Bigham,Roi,Engineering,182953
Emtage,Fallon,Sales,150573
Jozsika,Husain,"Human Resources",150036
Coddington,Addia,Engineering,180991
Laverick,Raviv,Services,154565
Bibby,Dina,Engineering,140435
MacNeilley,Hurleigh,"Human Resources",128556
Totton,Lilllie,"Human Resources",132980
Capner,Sabine,"Human Resources",155189
Filipov,Lyndy,Training,144833
Gumby,Regan,"Product Management",178785
Bramham,Meir,Services,172115
Hacker,Mireille,Accounting,176859
Baudou,Ernesta,Sales,161609
Shakspeare,Julita,Accounting,147503
Kettlestringe,Gregor,Support,170280
Scamadine,Chad,Services,128380
Longforth,Evvie,Support,180789
Beard,Emlyn,"Product Management",174796
"Le Blond",Dreddy,Engineering,174342
Siward,Kristyn,Engineering,126088
Toms,Stephannie,Engineering,177287
Gerling,Haleigh,Services,130882
Leblanc,Daveta,"Human Resources",135233
Bennett,Fin,"Business Development",125340
Feaster,Carmel,Accounting,130890
Chellam,Lloyd,"Business Development",146674
Nesbeth,Orville,Services,143000
Cowcha,Leoine,Engineering,170723
Maple,Pearle,"Business Development",135537
Hastwell,Rochelle,"Research and Development",147227
Coucha,Collette,Services,151471
Mirralls,Hynda,Sales,145162
Compford,Thorny,Sales,142384
Brason,Felita,"Business Development",181283
Gerhardt,Cindee,Engineering,143979
Pegden,Rabbi,"Business Development",177551
Russen,Grantley,"Research and Development",143345
Raffels,Chandler,Engineering,131527
Barnbrook,Lissy,Training,167242
Baylay,Quintin,Engineering,147918
Maryan,Stuart,Accounting,126533
Bugbee,Angus,"Human Resources",174518
Tomkins,Zachariah,Sales,164423
Order,Susanna,Engineering,155476
Titterington,Josie,Engineering,178065
Rimell,Ingunna,Accounting,136880
Jaggers,Olenolin,Engineering,130231
Mereweather,Annadiane,Services,163098
Baruch,Queenie,Marketing,178217
McGeachie,Nichols,Engineering,149538
Abbot,Laurence,Engineering,137187
Itscovitz,Benedetta,Sales,137566
Abramowsky,Maryanne,Services,160655
Varran,Zerk,Support,154463
Matteau,Halsey,Sales,177629
Grinishin,Gisela,Services,161133
Kender,Ruddy,Accounting,136808
Whiffin,Deny,Engineering,149884
Offen,Roma,Support,179213
Witheridge,Florella,Accounting,144601
Soro,Case,Training,182779
Spencelayh,Reagen,Marketing,126076
Antrack,Tobin,Engineering,130640
Lautie,Mae,Accounting,184179
Fawckner,Debi,Accounting,125546
Olden,Gib,Engineering,170883
Kiggel,Darrel,Sales,128269
Greasty,Kennedy,Accounting,146374
Docket,Helge,Engineering,142266
Brealey,Waly,Services,136281
Astlet,Jerrine,Training,133391
Kalinsky,Scarface,"Business Development",158945
Garrold,Maressa,"Human Resources",170055
Connue,Yasmeen,"Business Development",176959
Ludlem,Misti,"Product Management",157263
Haggidon,Halimeda,"Human Resources",155154
Kuhlen,Brittne,Engineering,165989
Bourthouloume,Laurena,Training,162521
Lanegran,Crosby,Training,128723
Silvester,Astrid,"Human Resources",136218
Bastock,Chicky,Sales,139623
Redmire,Osmond,Accounting,126068
Meachem,Artemis,Training,146884
Birtwisle,Lisa,Engineering,180498
Gendrich,Vic,"Business Development",183304
Albrighton,Bink,"Business Development",136874
Briereton,Boy,Engineering,166115
Kornilov,Nata,Accounting,162546
Soffe,Tyrus,Sales,172729
Nowlan,Rollo,Engineering,181542
Brewin,Ophelia,Support,134601
Dyott,Tobey,Sales,160090
Tirrey,Cleve,Sales,161847
Stanford,Pinchas,Engineering,140834
Bahls,Brand,"Research and Development",166959
Folk,Dewie,Sales,154099
Tofts,Lucine,Engineering,148781
Griffitt,Berk,Accounting,147963
Abbots,Vittoria,Engineering,138509
Entwisle,Tabatha,Services,148132
Doppler,Miles,Support,126359
Hurl,Darcy,Engineering,144917
Vakhrushev,Paquito,Engineering,166099
Carleman,Hayes,"Product Management",179579
Friman,Wildon,Engineering,175436
Vautin,Andrea,Sales,164956
Pinckney,Bevon,Engineering,177322
Galpen,Horton,"Product Management",175553
Altoft,Glen,Support,162485
Greet,Artur,Engineering,165588
Clynmans,Guillaume,"Human Resources",126623
Bordes,Merle,Auditing,171544
Fenwick,Karlis,Engineering,145722
Swarbrick,Harmon,"Product Management",161114
Stockbridge,Brose,"Business Development",167077
Grimwade,Poppy,Engineering,161291
Claibourn,Lorry,"Product Management",150754
Spellman,Nat,Engineering,144439
Sollowaye,Sloan,Engineering,147183
Chicchelli,Angie,Engineering,149689
Jemmett,Clarissa,Accounting,141731
Merfin,Manuel,Engineering,150023
Timcke,Hilary,Accounting,152787
Bexon,Rurik,"Human Resources",165179
Schoenrock,Kelley,Engineering,155019
Vallery,Imogen,"Research and Development",165630
Cearley,Eula,"Business Development",162860
Cathersides,Libbie,Engineering,132799
Laidel,Enrichetta,Engineering,135135
Mosten,Winny,Accounting,130675
McComish,Naoma,Accounting,172539
Wyllcock,Even,"Product Management",164498
Grabiec,Andros,Engineering,137558
Nyland,Derrick,Training,138096
Edgett,Gilly,"Product Management",139957
Storey,Lorinda,Engineering,162814
Ribbens,Marne,Engineering,153377
Vasyukhichev,Coletta,Engineering,178177
Goodwyn,Anna-diana,Support,169070
Casarili,Florinda,Engineering,177193
Timeby,Magdalene,Engineering,127007
Elacoate,Trixy,Accounting,140044
Chillingsworth,Constancia,Support,155788
Pionter,Issi,Engineering,157634
Lugton,Marcos,Accounting,137178
Stollwerck,Blakelee,Engineering,154471
Fabler,Dew,"Research and Development",148446
Teresi,Aube,Engineering,150133
Ayree,Silvio,Accounting,144514
Mills,Amil,"Business Development",128801
Middler,Mariette,Sales,162351
Lindberg,Steven,Engineering,152986
Wingham,Glenna,Services,154425
Broyd,Rufus,Services,172931
Blackwood,Austine,Engineering,175095
Champley,Sayre,Engineering,172432
Groomebridge,Becka,"Research and Development",171364
Vellender,Siouxie,"Human Resources",153710
Grolle,Hedwig,Training,141499
Kubal,Melina,"Research and Development",184231
Adamovsky,Stanford,"Research and Development",125966
Mayhou,Monique,"Human Resources",151331
Terlinden,Leopold,Engineering,158802
Ingold,Base,"Business Development",139477
Rastall,Cyril,Engineering,165249
"de Amaya",Elisha,"Business Development",141597
Dilger,Valentin,Training,142768
Soot,Merwin,"Research and Development",179814
Cadalleder,Lisle,Services,142465
Pople,Ivette,Engineering,171399
Gothrup,Mandie,"Human Resources",147592
Heisler,Jewel,"Product Management",161137
Rickaert,Katinka,"Business Development",158534
Morey,Jannel,"Product Management",132928
Glisane,Marvin,Engineering,176136
MacFarlane,Archie,"Research and Development",140287
Randell,Johnathan,"Research and Development",147299
Itzcovich,Shandee,Training,175398
Vellender,Allegra,Services,135030
Kirlin,Harmony,Services,140835
Mapstone,Laurie,Support,136719
McCorry,Julie,Accounting,177982
Colrein,Whitaker,Engineering,135427
Pedersen,Karel,Services,177873
Rouf,Brianna,Training,154635
Shory,Ravid,"Research and Development",162895
Rawlinson,Judon,Auditing,140124
Yellowlee,Shayne,Services,157421
Philipson,Tandi,Engineering,163156
Stiling,Hermy,"Human Resources",155263
Diggell,Ricki,Engineering,125899
Mangan,Rosene,Services,178861
Baudic,Curt,Engineering,178959
Garmans,Prudi,Engineering,156042
Abrahams,Blinnie,Services,157373
Pahl,Jodee,Accounting,183186
Dunican,Sonnnie,Engineering,162496
Giggs,Zorah,Engineering,144390
Angelo,Misty,Accounting,126535
Keaveny,Maryjane,Marketing,169303
Secrett,Tait,"Human Resources",182078
Cardello,Lek,Engineering,179247
Burkin,Homerus,Engineering,133377
Furney,Guenevere,"Business Development",182613
Stowell,Charles,Services,138514
Wilman,Gwynne,Sales,131478
Glanton,Leonore,Accounting,133797
Skyrme,Catriona,Engineering,179847
Duffield,Celinka,Services,126074
Seel,Alexandre,Training,166559
Shippey,Wake,"Human Resources",184311
Walklot,Bren,Accounting,135726
Kyngdon,Freda,Accounting,126344
O'Dogherty,Adriana,Engineering,154617
Wotton,Steward,Accounting,163020
Keppy,Barbaraanne,"Human Resources",152277
Maynell,Pablo,Engineering,152794
Skettles,Sidonia,Support,144840
Levins,Lexis,Sales,174275
Winkle,Cherianne,Accounting,161545
Swadden,Larissa,Support,151496
Ondrak,Cullen,Engineering,129044
Humphris,Gregorio,Engineering,165142
Wadie,Myer,"Human Resources",179209
Vercruysse,Liuka,Accounting,147919
Odgers,Ian,"Human Resources",155460
Hallyburton,Valentino,Training,138283
Chatto,Analiese,"Human Resources",133785
McElmurray,Mahalia,Engineering,182648
Lee,Chiarra,Engineering,151888
Kruse,Kristina,"Business Development",154904
Dronsfield,Broderic,"Human Resources",180336
Benley,Warden,Legal,138118
Hindsberg,Rey,Engineering,139341
Ruthen,George,Services,159663
Tunkin,Ulick,"Human Resources",164095
Ruddy,Tabatha,Accounting,152424
Brakewell,Niki,Accounting,177475
Apdell,Molly,"Human Resources",150178
Tatem,Flori,Accounting,164815
Thunder,Arnaldo,Support,136190
Brock,Alissa,"Business Development",134543
FitzAlan,Lorne,"Research and Development",144178
Bamfield,Shannah,Services,158097
Norquay,Margaux,Engineering,131001
Brody,Debby,Support,149043
Marler,Marleah,Engineering,163398
Rene,Celene,"Product Management",155517
Barney,Naoma,Engineering,140945
Kiehne,Sammie,Engineering,152633
Starte,Samuel,"Research and Development",148310
Ausello,Delinda,Support,162867
Mews,Osgood,"Business Development",151945
Havenhand,Donnie,"Business Development",145409
Bordiss,Salli,"Business Development",142189
Scates,Shem,Sales,170786
Writtle,Theda,Training,130745
Noice,Mervin,Engineering,172565
Hawney,Jarad,Sales,153419
Kisby,Iago,"Business Development",142126
Dowda,Crysta,Accounting,137713
Bonnette,Bondie,Sales,151752
Michell,Lem,Engineering,154591
Cheesman,Rex,Accounting,136401
Greason,Denny,Engineering,141731
Stapley,Elsbeth,"Human Resources",174841
Grouer,Gabriela,Accounting,184899
Brinded,Nance,Accounting,127220
Sier,Maiga,Accounting,127460
Scothron,Miltie,Engineering,150715
Stolte,Martynne,Accounting,155252
Jancar,Lettie,Engineering,156461
Moncrefe,Hannie,Sales,170527
Cofax,Madonna,"Product Management",177558
Kordes,Ardyce,Accounting,165041
Matevushev,Hilarius,Marketing,149923
Durbyn,Carly,Training,147310
Page,Darelle,Engineering,128143
Corston,Corbin,"Human Resources",177947
Lympenie,Trina,Accounting,147183
Benettolo,Edie,Engineering,153415
Skilbeck,Zeke,Training,169496
Gadie,Emelita,Accounting,156659
Kenworthey,Gilles,Sales,162407
Fitzsimons,Jasper,Support,146993
Burgott,Therine,Sales,137517
Busch,Mirabel,Accounting,139950
Alesbrook,Eugenius,"Business Development",138990
Feak,Cory,Services,152082
Ellesmere,Clarabelle,"Business Development",143337
Kitman,Lulu,Engineering,175424
Bridgewood,Sharleen,Engineering,131467
Fortesquieu,Aindrea,Accounting,156163
Charon,Leila,Engineering,131202
Ferrario,Barbee,Engineering,151169
Petrello,Bettine,Engineering,147712
Brandes,Derrick,"Human Resources",179254
Chace,Rani,Accounting,170093
Neward,Grissel,"Business Development",128164
Bruyns,Mack,Training,138621
Dannett,Michaelina,Accounting,154465
Aksell,Melissa,Training,144690
Mearing,Mildred,Accounting,131090
Adamec,Kary,Engineering,158518
Strass,Nolan,Marketing,184947
Jocic,Lewie,"Research and Development",129858
Fealty,Angel,Sales,136041
Greatbatch,Toinette,Accounting,146926
Jarville,Faulkner,Engineering,148283
Antonucci,Flory,"Research and Development",178971
Goter,Lenka,Engineering,168735
Toretta,Willabella,"Human Resources",133676
Bulleyn,Tally,Marketing,182959
Deinhardt,Cyrille,"Business Development",129831
Baynton,Melody,"Human Resources",147883
Brunroth,Cyrus,Services,125623
Erickssen,Xenos,Services,174676
Jakolevitch,Alys,"Human Resources",181335
Benettini,Leopold,Engineering,169144
Demko,Huntley,Sales,168076
Clayton,Herbert,"Human Resources",141183
Gomme,Willie,Accounting,127554
Cowely,Dulcinea,"Human Resources",183809
Mitrovic,Emanuele,Engineering,177329
Dightham,Mozes,Engineering,129553
Richemond,Kelsy,"Human Resources",154380
Hassey,Neala,Training,155717
Touret,Perren,Sales,137893
Bottrill,Sher,Engineering,134199
Glenton,Shauna,Engineering,181770
Arundale,Martguerita,"Product Management",129655
Cranham,Chaddy,"Research and Development",149111
Bazely,Gaylene,Training,144781
Cauley,Clarie,Engineering,141055
McTrustey,Kirbee,Accounting,142500
Ardern,Dacie,Accounting,125710
Toner,Allie,Accounting,181704
Everiss,Sharlene,Sales,136069
Stendell,Masha,Accounting,131754
Dello,Karine,Sales,132308
Worner,Janeta,"Product Management",160420
Milan,Zaria,"Business Development",150226
Steagall,Chadd,Engineering,151277
Patsall,Albrecht,Accounting,162927
Baynom,Jorie,Training,155278
Warder,Bonny,"Business Development",178025
Reinbech,Reinwald,Legal,155430
Garlinge,Redford,Engineering,135797
Salleir,Josefa,Services,173868
Bladge,Morna,"Human Resources",176844
Smallpeice,Michaelina,Support,160715
Moyles,Dani,Accounting,184264
Burress,Wadsworth,Sales,177285
Haynesford,Julietta,Accounting,130451
Covington,Gwendolyn,Engineering,131977
McCurlye,Ola,Accounting,146547
Greiswood,Danya,"Human Resources",160657
Iacomettii,Britt,Engineering,134104
Forsdyke,Lezlie,Engineering,169397
Tumpane,Bryan,Accounting,164515
Waren,Oona,Accounting,158599
Thumnel,Meaghan,"Human Resources",134423
Diehn,Kattie,Engineering,159861
Ollie,Sanford,Engineering,171201
Corn,Alecia,Accounting,136769
Wragge,Terza,"Research and Development",136587
Kilday,Gusti,Engineering,167367
Parkisson,Judie,Accounting,175956
Limpenny,Stearn,Services,138192
Crossdale,Nickolaus,Support,164738
Mouget,Enriqueta,Engineering,177817
Tilbrook,Agnes,Engineering,166561
Skevington,Henri,Training,134671
Maevela,Angil,"Business Development",156698
Gadson,Westbrook,Engineering,130531
Febre,Steffi,"Research and Development",150707
Adderson,Nissy,"Product Management",129067
Luckes,Mallorie,Sales,128826
Bates,Xenia,Accounting,149213
Freund,Lambert,Accounting,158540
Mesnard,Isa,Training,145654
Warner,Kamilah,Support,127989
Mallia,Levey,Engineering,171423
Gofforth,Lib,"Business Development",152489
Pohls,Norman,Services,158215
Luckett,Bail,Training,128117
Cornhill,Ashien,Support,183757
Biasetti,Gun,Training,132073
Giacometti,Jacquette,Engineering,157959
Scoular,Dinnie,Support,132946
Sporrij,Eustace,Training,150351
Powter,Bea,"Product Management",155409
Milmith,Minor,Services,164586
Neillans,Amber,"Research and Development",150109
Ausiello,Birch,Sales,158270
Vamplew,Ford,Engineering,164183
Lancashire,Parsifal,"Product Management",141562
Anster,Candida,Engineering,139759
Berger,Meris,Engineering,148039
Mewett,Will,"Human Resources",150939
Liston,Chickie,Engineering,139214
Dannel,Nobe,"Research and Development",166477
Granger,Benn,"Human Resources",148516
Bunn,Chery,Sales,179679
Goulston,Nikolas,Training,167355
Dean,Eldredge,Accounting,147512
Jiruch,Enrique,Engineering,141271
Ceney,Armin,Engineering,165797
Sturgeon,Amelia,Legal,149708
Berge,Morten,Engineering,156315
"de Grey",Gates,"Research and Development",149655
Allmen,Lorraine,Engineering,170121
Gocher,Valentino,Engineering,163671
Drillot,Pace,Engineering,179882
Vosse,Liva,"Human Resources",165018
Millhouse,Phillida,Engineering,183337
Ben-Aharon,Tressa,Engineering,148708
Fewtrell,Moreen,"Business Development",152465
Pinckard,Carla,"Human Resources",133403
Halton,Jany,Sales,146558
Croome,Titus,Services,133352
Prettyjohns,Constantino,Accounting,158051
Krzyzowski,Dag,Services,143132
Yokley,Skylar,"Human Resources",171518
Kitlee,Ryan,Engineering,139403
Corsor,Elmira,Training,134719
Rops,Ellen,Support,148154
Hostan,Barnaby,Engineering,176328
Catterson,Rurik,"Business Development",175636
Oliveras,Julieta,Sales,142688
Pillinger,Roslyn,Engineering,145744
Massenhove,Lenora,"Product Management",139611
Tumpane,Gardie,"Business Development",175718
Feeley,Sallyanne,Engineering,154129
Matevosian,Pebrook,"Business Development",160539
Soall,Cassey,Engineering,149715
Burtenshaw,Haywood,Support,140331
Cavalier,Ralph,Training,148946
Peebles,Forrester,Sales,160073
Diver,Izzy,Engineering,143863
Simkin,Susie,"Human Resources",156618
Braine,Giraldo,"Business Development",162601
Kyffin,Caitlin,Legal,155539
Morton,Myrta,Sales,179805
Artist,Lucinda,"Human Resources",178245
Wilsdon,Modesta,Training,162327
Tonry,Johny,Marketing,141182
Poundford,Maye,"Human Resources",181791
Raleston,Lissa,Sales,180589
Sussex,Constancia,"Business Development",135412
Skentelbury,Karolina,Support,150047
Atterley,Welch,Services,183857
Voase,Rodolfo,"Human Resources",154666
Cuningham,Marlo,Services,130400
Bourdas,Jan,Training,127494
Douche,Blakeley,Training,154381
Mowbury,Darrin,Support,129526
Cradick,Gian,Engineering,179180
Furnival,Quillan,Services,172170
Grassick,Aridatha,"Business Development",170053
Eastgate,Kenneth,Accounting,143525
Hempel,Garrot,Engineering,172139
"Van Hesteren",Cyrille,Training,136506
Chevin,Elka,Training,142343
Hardiker,Daron,Accounting,139362
Daw,Serge,Accounting,138780
Pattemore,Philomena,Engineering,152547
Putman,Freddy,Engineering,146286
Dufer,Tammi,Engineering,158159
Griniov,Madelin,Support,184804
Gudgin,Jase,Accounting,176590
Mortell,Avie,Engineering,139800
Raggles,Jethro,Accounting,135105
Ainscow,Ev,Training,162746
Khosa,Eachelle,Services,132458
Bedwell,Sheena,"Human Resources",169648
Megarrell,Nickey,"Business Development",128910
Sarsfield,Leanna,Support,166959
Robken,Ginger,Sales,156401
Nano,Kelcey,"Business Development",162679
MacAskill,Benton,"Research and Development",129738
Divers,Wakefield,Sales,154455
Mettrick,Martie,Marketing,136189
Urling,Tybie,Engineering,170295
Cuolahan,Albina,"Business Development",134297
Miliffe,Romola,Engineering,153916
Goublier,Lina,Engineering,162539
Giacopello,Bennie,Services,156152
Izchaki,Vanya,Engineering,147470
Wagg,May,Training,149878
Carnaman,Arabelle,Legal,133888
Garden,Zarla,Engineering,156408
Grafhom,Gretta,Sales,154634
Hadny,Sileas,Training,149721
Hansill,Regan,Engineering,138915
Pingstone,Adrianne,Accounting,129960
Friskey,Haily,Training,179943
Ashlin,Jermain,Training,182418
McDill,Barbra,Engineering,127122
O'Scollain,Bernelle,Engineering,139908
Mennithorp,Delcine,Engineering,161269
Jayne,Magdalena,Marketing,168779
Nickerson,Paxton,Services,133913
Dwyr,Hunfredo,Training,155901
Silly,Mirna,Engineering,133516
Neal,Lacie,Accounting,128511
Brunelli,Christina,Accounting,183344
Brugden,Clair,"Product Management",133681
Bruff,Zelda,Engineering,176361
Henstone,Herta,Engineering,167212
Bainbridge,Sheffy,Engineering,170089
Buterton,Trevar,Marketing,168412
Burdekin,Carlee,Training,129228
Varfalameev,Quinn,Accounting,141188
Mewett,Tony,Legal,174090
Ogbourne,Estel,Sales,152913
Langwade,Jeff,Engineering,139757
Putland,Marget,Engineering,183927
Burdell,Aggy,Engineering,170326
Pennycord,Rozanne,"Human Resources",160902
McDonand,Dorelia,Accounting,147836
Boam,Roderigo,"Business Development",147222
Pren,Nicolle,Marketing,146137
Oloman,Lincoln,Accounting,152950
Struthers,Starlene,Training,171944
Frankom,Abbe,Engineering,179110
Yarranton,Letizia,Sales,127725
Corley,Marcille,Engineering,169952
Artois,Bernardine,Accounting,139178
Waistell,Whittaker,Support,151335
Iskowicz,Rubin,Support,133111
Horlock,Aili,Engineering,130271
Mazdon,Baxter,Engineering,142441
Backman,Martino,Training,151938
Kellough,Concettina,"Business Development",140374
Jerrans,Aron,Sales,175598
Songhurst,Falkner,"Research and Development",165580
Loughren,Fionnula,Engineering,146120
Lummis,Hinda,Services,174010
Strowther,Haskell,"Product Management",157286
Gerring,Dolli,Engineering,167393
Malshinger,Berget,Engineering,132019
"O' Dooley",Muhammad,"Business Development",151127
Boatman,Stanislaus,"Human Resources",152308
Willisch,Sigismondo,Engineering,150685
Abeau,Daryl,"Human Resources",157066
Behning,Otto,Support,181220
Gercke,Livvy,Engineering,128255
Chapier,Russell,"Business Development",138037
Blackader,Cassandra,Services,136684
Bentson,Ashli,"Business Development",145278
Ditt,Base,Training,156208
Gamwell,Karolina,"Product Management",141448
Colvie,Colet,Engineering,182109
Walentynowicz,Dagmar,Engineering,159380
Whytock,Zoe,Engineering,136152
Chiswell,Danita,Engineering,180556
Hawksley,Van,Engineering,181335
Dicky,Gisela,"Business Development",128018
Mouatt,Bebe,Support,182959
Hadlington,Edwina,"Business Development",159583
Fiander,Zuzana,Services,165640
Hearst,Pascale,"Business Development",159242
Griniov,Uta,"Research and Development",147882
Bech,Teodoro,Services,140949
Baldelli,Charmine,Services,167730
Shiel,Gayelord,"Business Development",135965
Chadwick,Georgetta,"Product Management",183685
Fyrth,Christos,Engineering,133096
Midlane,Granville,"Business Development",167408
Kent,Esmaria,"Business Development",135545
Chancelier,Kare,Engineering,157333
Woodier,Daisi,Engineering,154214
McEnhill,Pat,Accounting,178818
Mallinder,Marylinda,Sales,168842
Asals,Briggs,Services,170463
Crimp,Brendis,Training,151733
Hadwick,Shirley,Sales,139149
Kubek,Madalyn,Sales,153902
Kilsby,Huntley,Marketing,177663
Pieper,Thoma,"Business Development",178389
Barnardo,Giffie,"Research and Development",151202
Townson,Annie,Accounting,148459
Bothram,Katrine,Services,163858
Kesey,Darcey,Sales,149690
Nyles,Germain,"Human Resources",126274
Cantwell,Ichabod,Sales,167282
Colmer,Stesha,Accounting,147649
Attiwill,Harp,Engineering,168859
Tortoise,Rossie,Engineering,162834
Bachelar,Ugo,Accounting,162511
Eschelle,Elfrieda,Services,139540
Camamill,Robinson,Sales,145825
Hallatt,Marshal,Engineering,149688
Trubshawe,Teodorico,Engineering,176650
Swains,Bride,Engineering,138650
Wilsher,Niki,Training,166795
Pozer,Angus,Engineering,156217
Bayston,Anet,Engineering,163033
Dutnall,Mohandis,"Product Management",152976
Gerault,Mikael,"Product Management",174142
O'Sirin,Claudetta,Engineering,132344
Vondrak,Sibylla,Engineering,162286
Geffinger,Augusto,Sales,129019
Aldrich,Dolly,Services,139401
Gottelier,Tabatha,Sales,170455
McGarvie,Steven,Sales,144639
Butterfill,Bernete,Accounting,142666
Birtle,Iseabal,Engineering,166296
Orridge,Hortense,Accounting,169578
Franzke,Lolita,Support,157137
Knoller,Poul,Engineering,165795
Minors,Janessa,Training,150566
Gotts,Calvin,Engineering,155757
Itzik,Ilario,Engineering,166569
Gollop,Wayland,Accounting,173405
Milson,Gothart,"Human Resources",162395
Khomishin,Gert,Accounting,159617
Hobble,Melinde,Support,145339
Serraillier,Gherardo,Support,169691
Heliar,Rudie,Accounting,155187
Marchent,Willi,Engineering,132495
Vaisey,Gan,"Human Resources",150109
Gyenes,Gleda,Training,184105
McConnal,Lucias,Support,164730
Ferrieroi,Erie,Accounting,168390
Pell,Joline,Marketing,152391
Senner,Hedy,Engineering,132522
Halliberton,Elle,Sales,184835
Pachta,Moyra,"Research and Development",153438
Sterndale,Jorrie,"Human Resources",149887
Klain,Ameline,"Business Development",167580
Wallace,Reynard,Accounting,137133
Denton,Emmit,Services,128642
Gatrell,Gage,Sales,161145
Stenett,Kayle,Accounting,157024
Hatfull,Gerhardt,Accounting,166360
Rex,Ethel,Engineering,160490
Sones,Sarena,Engineering,140652
Hockey,Oliviero,Accounting,142702
Mattioni,Morton,Engineering,178072
Moakes,Jewelle,Engineering,140003
Hale,Valentine,Services,178912
"De Moreno",Wilhelmina,Engineering,145339
"Di Lucia",Christoph,Training,178192
Rigge,Dewitt,Engineering,137841
Davioud,Linzy,Engineering,126107
Auton,Berri,Sales,152280
Butchers,Jacquelin,"Product Management",159761
Pettingall,Maudie,Accounting,153863
Greber,Mufi,Support,156353
Mix,Corrinne,Engineering,166980
Callicott,Aurore,"Human Resources",145516
Cocking,Jori,Accounting,164097
Franceschi,Marla,Engineering,180200
Boal,Bret,"Research and Development",137425
Toppas,Shea,Engineering,151168
Stair,Michell,Engineering,140288
Kettridge,Reggi,Accounting,130421
Schimke,Thedric,Engineering,155398
Werrett,Gwyn,Engineering,158406
Murby,Burlie,Engineering,141421
Commusso,Kylie,Engineering,179902
Kirmond,Levy,Services,155132
Tidgewell,Perry,"Product Management",144695
Scoular,Page,Training,162011
Facchini,Amil,"Business Development",126421
Rens,Iolande,Engineering,181468
Heiden,Coretta,"Business Development",176876
Shaxby,Dewie,Services,177225
Scotti,Sherlock,"Business Development",165687
Dunmuir,Denney,Support,158663
Lammin,Faun,Accounting,134131
Wolfart,Kendell,Services,147743
Gogie,Lydon,Engineering,180947
Dovington,Rocky,Accounting,173425
Fielden,Israel,Accounting,162324
Merriott,Shurlocke,Support,139554
Dabnot,Lulu,Accounting,136967
Gutch,Taber,"Business Development",149076
Kirkby,Templeton,Training,177675
Blackledge,Luther,Training,161287
Dilleston,Ezequiel,"Research and Development",167949
Prinne,Devonne,Sales,130858
Blackden,Boot,"Research and Development",173129
Holywell,Mason,Training,133903
Rentoll,Hans,Accounting,137692
Truett,Skylar,Sales,175796
Scollick,Randall,Engineering,184705
Siggs,Jena,Training,174335
Lambourn,Nickolaus,Engineering,136817
Revie,Carmita,Engineering,148216
Greeveson,Tybalt,Engineering,151573
Skym,Betteanne,Engineering,152119
Pountain,Elisha,Support,169997
Leefe,Marjory,Engineering,160812
Zienkiewicz,Anne,"Human Resources",153056
Bugdell,Beau,"Human Resources",127142
Stocks,Edna,"Business Development",170083
Temple,Cristionna,Training,170070
Reace,Barnett,Training,126180
Booi,Gib,Training,148184
Bum,Octavia,Support,152148
Dormon,Sammie,"Human Resources",129921
Potes,Emiline,Accounting,175435
Gillings,Gae,Engineering,150331
Iwanowski,Urban,Sales,180413
Brobyn,Hugues,"Research and Development",174033
Cunniffe,Alexis,"Human Resources",127840
Lutas,Mildred,Engineering,183061
Pincked,Erma,"Product Management",183983
Housbie,Lay,Engineering,153846
Marlen,Matthaeus,Engineering,161693
Eddow,Saundra,Training,126454
Smallthwaite,Jermaine,Accounting,164286
Stoile,Filberto,"Research and Development",180636
Gaze,Harriet,"Product Management",174580
Fortescue,Simone,Engineering,183526
Blythe,Dur,Support,138997
Huebner,Yolane,"Human Resources",138416
Dailey,Fields,Sales,176907
Vieyra,Fancie,Services,154881
Sugar,Garek,Accounting,165538
McGennis,Bevin,Accounting,175322
Mattys,Marcella,"Business Development",161659
Fearnill,Letitia,Support,178958
Capitano,Calley,Training,158525
Yuryshev,Denver,Sales,149831
Bartolomeo,Shem,Engineering,126248
Braxton,Merwin,Services,175154
Thornally,Alec,Engineering,178959
Troughton,Austen,"Business Development",154346
Skehan,Amandie,"Human Resources",126782
Heams,Bowie,Engineering,144947
Preto,Nikolas,Accounting,151524
Cranshaw,Ev,"Business Development",125730
McFfaden,Grady,"Human Resources",157487
Toffts,Dorey,Training,167694
Yarnall,Bev,"Business Development",151349
Misken,Kaylee,Sales,126710
Birkby,Berenice,"Business Development",177509
Dmitriev,Marsiella,Engineering,164059
Warrillow,Scarlet,Training,160348
Ovill,Delinda,Support,169986
Barthropp,Puff,Accounting,176487
Finlay,Luelle,Engineering,135488
Towl,Cobbie,Accounting,132707
Fussen,Madeleine,Support,141774
Alywin,Pauly,"Human Resources",160540
Alloway,Caren,Engineering,168307
Tuffley,Merell,Support,173974
Cox,Leopold,Sales,132311
Delahunt,Kenton,Services,163283
Jubert,Prissie,Training,171999
Pheby,Lenette,"Human Resources",129087
Jeannenet,Alexei,Services,138797
Rambaut,Ruperta,Accounting,134697
Cancellario,Marget,Engineering,183553
Macrow,Maris,Training,181197
Grushin,Colet,"Business Development",165560
Brettle,Gal,"Business Development",137763
Mearns,Amory,Engineering,128081
Hardy,Abran,"Business Development",171145
Anear,Marietta,Engineering,157660
Mathews,Jaimie,Accounting,134955
Szubert,Ettie,Engineering,157861
Madeley,Bonnie,"Human Resources",134165
Hodjetts,Clarinda,Support,183626
Lagne,Ainslie,Sales,130934
Nekrews,Allys,Engineering,131151
Gerholz,Hilarius,"Human Resources",127732
Bownd,Selestina,"Human Resources",134507
Best,Ingelbert,Accounting,126341
Oakden,Antoine,"Research and Development",163570
Mealing,Della,Accounting,152764
Paz,Fredric,Engineering,130599
Geering,Townsend,Support,135334
Seton,Liane,Accounting,149163
Davidovic,Travis,Engineering,170692
Cashen,Cassie,Services,181719
Hasselby,Laurel,"Human Resources",172410
Bauser,Sondra,Engineering,156922
Cosans,Una,Services,137179
Tomkys,Mile,Accounting,132620
Acory,Grace,Services,168379
Giacomoni,Correy,Services,162239
Gribbell,Willdon,Engineering,170829
Broadwell,Gael,Engineering,171073
Menhci,Elnar,"Business Development",183806
Slaughter,Sophey,Accounting,141434
Brewers,Johan,Services,148919
Bakesef,Taryn,Services,143513
Osbourne,Demeter,Sales,165209
Aisthorpe,Fergus,Services,158555
Bayman,Dare,Training,173532
Wealthall,Edna,Training,175171
Dartnell,Gianina,"Human Resources",165635
Nottingham,Davey,"Human Resources",182238
Picker,Imojean,Engineering,165708
Starking,Winonah,"Research and Development",167422
Kraft,Fritz,"Research and Development",151074
Herity,Keriann,Sales,126311
Rosenstengel,Urbano,Marketing,164936
Schoffel,Yoko,Engineering,174593
Parkhouse,Brittne,Marketing,137203
McMeanma,Cathryn,"Research and Development",176198
Dinnies,John,"Human Resources",125809
Kinnerley,Doris,Services,125808
Wixey,Hertha,Training,129003
Everington,Shina,"Business Development",145467
Staziker,Dora,Engineering,172473
Jacquet,Cynthea,Marketing,168212
Plowman,Legra,Training,145447
Mabson,Margaretha,Engineering,163728
Dundon,Darelle,Accounting,135707
Ilyin,Pattie,Engineering,150654
Folini,Patty,Training,159698
Borborough,Evan,"Product Management",132088
Reynard,Sybil,Engineering,157633
Moral,Helga,"Research and Development",177109
Yablsley,Maddy,Sales,155600
Claeskens,Alvina,Engineering,168678
O'Dulchonta,Sena,Sales,156607
Nasey,Minette,Engineering,131363
Cutcliffe,Nikkie,"Business Development",161284
Costley,Diahann,Engineering,162547
Burnep,Verge,Accounting,135493
Murra,Marcy,Engineering,140082
Mithon,Horatio,Engineering,170616
Nuss,Eleonore,Engineering,133704
Ballintyne,Ferrel,Support,130133
Jindrak,Luciana,Training,127214
Etheridge,Tish,Accounting,163852
Durling,Rayshell,"Research and Development",139683
Crummie,Eamon,"Product Management",140523
Gudyer,Connor,Sales,161053
Whittington,Noami,Sales,141403
Prickett,Natale,Engineering,143394
Toupe,Frank,"Business Development",161935
Worsfield,Burgess,"Business Development",179811
Benedicto,Codi,Services,139254
Turgoose,Becki,"Research and Development",184779
Mulholland,Austin,Engineering,131398
Mulligan,Hubie,Sales,130551
Drews,Dante,Engineering,133968
Tremoulet,Onida,Engineering,166339
Olivas,Dalton,"Business Development",142473
Utley,Lexi,Engineering,129856
Eteen,Adolphe,"Business Development",130264
MacTurlough,Addie,Engineering,164844
Theyer,Thea,"Research and Development",129167
Halston,Georgetta,Accounting,147373
Bendall,Sheilah,Engineering,169306
Dundendale,Manolo,"Human Resources",159254
Graves,Hamid,Engineering,183325
Schole,Cynthie,Services,178849
Dowthwaite,Bunni,"Product Management",158579
Bourdon,Isaak,"Business Development",162108
Paramore,Aggy,Engineering,128241
Francescone,Udale,"Product Management",149108
Gier,Esra,"Business Development",135779
Huggard,Giulietta,Engineering,175306
Soda,Stefania,Legal,166926
Richter,Eolanda,Engineering,160443
Yushankin,Lenora,Engineering,167024
Lucks,Manfred,Accounting,154887
Opie,Josepha,Accounting,165450
Postlewhite,Ophelia,"Human Resources",148470
Delgadillo,Andria,Accounting,180859
Rymer,Dosi,"Business Development",166697
Pinnijar,Kerrie,"Human Resources",160318
Pether,Yank,Engineering,142575
Rapi,Fidelia,Training,134220
Torald,Augustin,Support,158734
Gyngell,Lawry,Accounting,153666
Sailor,Margarete,Sales,131217
Blakey,Rosemarie,Engineering,125363
Ealles,Janean,Services,162178
Minet,Yorker,Services,155790
Gabbot,Helene,Sales,156785
Kerne,Lurleen,Sales,179618
Daudray,Kerstin,Engineering,158683
Clampe,Aliza,Engineering,138522
Fiddeman,Ardelle,Services,165563
Castanos,Dasie,Engineering,140309
Moffatt,Tonia,Engineering,126246
Benettolo,Charity,"Research and Development",174741
Maher,Jacob,Engineering,177425
Pheasey,Elane,Accounting,160624
Rubi,Silva,Engineering,157881
Kenningham,Burg,"Product Management",144944
Sallenger,Cathrin,Services,152145
McIlvenna,Marilee,"Product Management",180245
Babst,Myrwyn,Engineering,182063
Leagas,Tobe,Training,172726
Gorner,Imojean,Engineering,177505
Ferrotti,Humfried,Engineering,142195
Spellecy,Ashil,Services,135716
Beeby,Quintina,"Business Development",142346
Jayes,Inger,Engineering,168245
Bosch,Em,Sales,177118
Rosenbloom,Novelia,"Research and Development",172918
Braksper,Gabi,Engineering,150080
Payfoot,Alberto,"Product Management",152701
Dursley,Vickie,Legal,144989
Freeth,Clerissa,Training,126970
Fruish,Myrwyn,Engineering,144465
Creser,Glenda,Services,157266
Haggerwood,Maurita,Accounting,172333
Juris,Slade,Support,136502
Ince,Casandra,Sales,172993
Sleigh,Fiann,Engineering,184374
Forge,Cory,Engineering,169573
Stilwell,Otto,"Product Management",161783
Keay,Grayce,Accounting,139834
Baudassi,Ailbert,Sales,150798
Carmichael,Kristi,"Human Resources",177548
Luney,Jessey,"Research and Development",145689
Hedgecock,Goober,Marketing,178327
Vivers,Lonny,Sales,142772
Yezafovich,Hube,Engineering,135204
Lively,Lorne,Accounting,125341
Ramsier,Joann,Accounting,140041
Liley,Brennen,"Human Resources",168878
Righy,Marys,Engineering,150600
Stichel,Levy,Engineering,165045
Ovens,Tonia,Training,134996
Steenson,Halie,Engineering,144942
Thon,Dasha,Engineering,169070
McCully,Shepard,"Human Resources",176694
Boulstridge,Wilie,Services,184992
Nisbet,Bobine,"Research and Development",159351
Fryers,Storm,Marketing,154963
Seals,Pammi,Engineering,136158
Yitzovitz,Jobyna,Engineering,152545
McCraw,Charmion,Accounting,144672
Kynton,Guilbert,Engineering,177810
Beaman,Fidelia,"Business Development",177213
Gaveltone,Minetta,Engineering,155446
Zini,Wye,Engineering,181172
Chinnock,Noe,"Product Management",125774
Vincent,Lolly,"Business Development",175127
Rosenfelt,Alon,"Business Development",174469
Lamming,Tabby,Sales,161003
Roddie,Clarke,Services,164146
Broomer,Federica,"Business Development",139529
Albrook,Stavro,"Business Development",126951
Commucci,Ag,Engineering,145686
Flowers,Carney,Accounting,137658
Petz,Kareem,"Human Resources",165784
Burbank,Hernando,"Human Resources",180568
"le Keux",Stephanie,Accounting,167874
Morehall,Stafford,"Human Resources",137570
McCambrois,Karlik,Accounting,152159
Wormstone,Tedd,Marketing,181146
Malyan,Kerri,Engineering,138145
Cobelli,Forest,Support,170248
Enos,Winnah,"Human Resources",177737
Caslin,Perry,Accounting,155178
Becaris,Aurlie,Legal,130487
Pirt,Yule,"Research and Development",134792
Hens,Orelle,Accounting,150371
Couzens,Lainey,Accounting,128184
Everil,Roosevelt,"Business Development",140140
Veare,Bendite,Engineering,155976
Stable,Pammie,Marketing,163431
Burgan,Elinor,Engineering,138936
Meadus,Cassandry,Accounting,155219
Strafen,Derril,Sales,159321
Arlett,Quentin,"Business Development",170213
Scullion,Lindsay,Engineering,169323
Spollen,Caryl,Training,175241
Burtwell,Loy,Support,171866
Pexton,Elisabetta,Engineering,151603
Molen,Fitzgerald,"Human Resources",158058
Cursons,Ranique,Accounting,159059
Hunting,Dean,Services,159935
Rawsthorne,Ezekiel,Accounting,151219
Abramovicz,Hort,Training,147949
Ricioppo,Bertha,"Human Resources",157094
Oglevie,Marilyn,Engineering,130712
Esler,Bret,Engineering,151717
Doughartie,Gates,Engineering,181471
Wooland,Nariko,Engineering,175415
Camps,Ailene,Sales,182306
Whithalgh,Tye,Engineering,167388
Gimblett,Benni,Engineering,140037
Bengall,Maison,Engineering,140131
Cocklin,Charmion,Sales,127734
Seaborn,Holli,Sales,131452
Skully,Meredithe,"Human Resources",147356
Simmance,Jackson,Marketing,162072
Bootton,Dolf,"Business Development",146208
Eberle,Adlai,"Research and Development",149403
Cramond,Rochella,Training,182936
Phelipeaux,Khalil,Engineering,152776
Backshell,Clark,Accounting,146592
Elvey,Gal,Engineering,174171
Ordidge,Pattie,Accounting,182473
Dowdeswell,Dick,Legal,153218
Musker,Peri,Training,133568
Bumpus,Guthrie,Engineering,180176
Avo,Juanita,Engineering,181816
Greenhead,Hamnet,Training,177133
Mulbry,Conny,Engineering,178672
Fullun,Rafael,Services,146643
Jacobowits,Hobie,Sales,144313
Deinert,Cristie,Services,146308
Sinson,Bordy,Marketing,148970
Karlowicz,Inna,Engineering,147609
Ramiro,Raimondo,Services,140870
Lempenny,Cirillo,Accounting,131103
Standish,Joby,Support,152865
Critzen,Emmalynn,Marketing,145223
Alyoshin,Birdie,"Human Resources",174026
Smalridge,Forbes,Training,141271
Danels,Gretel,"Human Resources",171494
Stirtle,Tedda,Accounting,148177
Fleis,Fin,"Research and Development",153176
Thonger,Bail,Engineering,169642
Peter,Gratiana,Engineering,140443
Kyd,Casandra,Training,181670
McLae,Etienne,Training,179894
Tranmer,Dagmar,Engineering,155801
Mosedall,Paulo,"Research and Development",171504
Brinicombe,Cinda,Services,133980
Cornbell,Candy,Engineering,182720
Sedgwick,Tate,Engineering,139770
Arrowsmith,Pryce,Support,150886
Syddall,Kaiser,Marketing,157332
Sheppey,Abbye,Support,141848
Rickson,Barrie,Accounting,141793
Oultram,Mervin,"Human Resources",141784
Erdely,Oran,Sales,180077
Lawler,Westleigh,Support,182419
Zimmermeister,Marilin,Engineering,176257
Morrilly,Frankie,Marketing,159719
Olorenshaw,Eleanor,"Human Resources",127483
Ramsay,Danella,"Product Management",163174
Civitillo,Traci,Training,172542
Sworne,Coralyn,Engineering,175397
Kunze,Livia,"Business Development",161582
Davidek,Arel,Services,178720
Alastair,Paxon,"Business Development",136497
Parmeter,Octavius,Engineering,175627
Diable,Doreen,"Business Development",128161
Gonthard,Sophey,"Business Development",149402
Johnikin,Norean,Engineering,141727
Cescoti,Wait,"Human Resources",171986
Meads,Kristine,Accounting,178057
Oxnam,Randal,"Human Resources",154539
McElmurray,Jacquelynn,Engineering,167697
Lille,Saloma,"Business Development",131906
Dillingham,Consalve,Accounting,164263
Colleer,Warner,Engineering,140456
Vecard,Dunn,"Business Development",149272
Cail,Danna,Legal,132893
Lande,Krystle,"Product Management",183107
Buske,Gloriane,Training,133781
Candy,Calypso,Engineering,149300
Dyball,Kenyon,Engineering,151087
Ghioni,Eustace,Accounting,181442
Fawdry,Alyce,Sales,179218
Jira,Kala,Engineering,158009
Shaylor,Butch,"Research and Development",158033
Dennick,Ambros,Engineering,134984
Borer,Antonius,"Product Management",172750
Zamorano,Concettina,Training,132714
Paintain,Norah,Engineering,183490
Tousy,Marnie,Engineering,137822
Jeffery,Baxie,"Research and Development",169734
Yegorovnin,Marjory,Legal,160497
Kikke,Luelle,Sales,183815
Whapple,Rocky,Engineering,147367
Alliot,Dorothea,Sales,158452
Kershaw,Emery,"Human Resources",143900
Conradie,Oswell,Engineering,174383
Stoade,Keriann,"Research and Development",157406
Dumbrall,Tadeas,Legal,167130
Scoggans,Rodrique,Accounting,138669
Falkinder,Roselia,Sales,163151
Glauber,Janot,Accounting,147295
Websdale,Ashia,"Product Management",167322
Vitte,Alasdair,Engineering,145586
Evetts,Ingamar,Marketing,152940
Cleatherow,Steffi,Sales,167209
Patrick,Sauncho,Engineering,144747
Harnetty,Kerry,Accounting,127399
Galliard,Addy,Sales,157247
Ferrieri,Elsa,Services,184841
Gabler,Janith,Engineering,182693
Knight,Devin,"Product Management",164577
Borghese,Deloris,Accounting,184188
Clawson,Yasmin,Sales,152533
McKeney,Wilow,Engineering,178401
Byard,Barrett,Training,181455
Gartside,Bobbe,Marketing,143296
Foster-Smith,Rayna,Engineering,165279
Bixley,Charmane,Engineering,162005
Fellgatt,Emera,Services,161003
O'Crevy,Finley,Support,142777
Unsworth,Maurene,Accounting,183704
Taw,Stephen,Training,135073
O'Hartigan,Percival,"Product Management",141593
Solesbury,Karly,Engineering,145148
Klich,Merralee,"Research and Development",129374
Haet,Emmy,Sales,158282
Christauffour,Cecil,Training,158440
Wayon,Andres,"Business Development",162482
Kleynen,Taber,"Business Development",139182
Conradie,Loren,Training,136328
Skeldon,Derby,Engineering,133497
Dingsdale,Earlie,Accounting,149456
Cummings,Layla,Accounting,175323
Highton,Rawley,Engineering,177563
Olennikov,Bird,Accounting,175155
Henmarsh,Ulysses,Support,168560
Dodds,Jeremy,Support,126649
Hinks,Margy,Engineering,174068
Wakely,Rois,"Product Management",152387
MacPadene,Aloysia,Training,178998
Chatelain,Hurley,Engineering,179473
Bartaletti,Ulrika,Engineering,140051
Marshal,Annamarie,Services,173553
Maddrah,Joella,"Business Development",125938
Luter,Tracee,Accounting,150409
Gilffillan,Jeramie,"Human Resources",184931
Pogue,Wilhelmina,Engineering,129088
Doudny,Madlin,Accounting,164166
Rowe,Sissy,"Product Management",129806
Fraser,Henriette,Engineering,159917
Dowyer,Junette,"Human Resources",154729
Gavaghan,Burty,Engineering,165437
Fyndon,Chrisy,Engineering,179272
Lindell,Rickard,Sales,168851
Tunniclisse,Joseito,"Business Development",178791
Proudley,Janos,Engineering,133558
Wensley,Field,Accounting,145471
Rawling,Alexis,Engineering,142325
Appleyard,Velvet,"Business Development",179875
Andrag,Willetta,Engineering,154846
Stickles,Ginni,Services,162490
Barabisch,Debor,Accounting,178621
Senchenko,Clementius,"Business Development",138642
O'Luby,Ara,"Business Development",172118
Collumbell,Dillie,Engineering,140338
Deverille,Terencio,Sales,131399
Chiswell,Darlene,Support,163690
Cherryman,Ali,Services,126824
Bredbury,Brigida,Marketing,169768
Dunning,Faustina,Accounting,159723
Tomczykowski,Felicity,Engineering,140889
Fine,Daffie,"Business Development",132584
Ellick,Cordie,Accounting,135413
Curd,Tomaso,Engineering,152625
Shorton,Leann,Services,148682
Drewett,Bendix,"Human Resources",128919
Marchment,Delbert,Engineering,128059
Sparhawk,Alleen,Engineering,150904
Lenormand,Gabby,Engineering,147667
Kingswold,Lindie,Accounting,155813
Meier,Gareth,Engineering,127601
Cronin,Kamilah,"Research and Development",133505
Steenson,Lauree,Engineering,175545
Pass,Janaye,Engineering,159747
Hampstead,Neale,Engineering,166569
Scocroft,Moe,Services,147263
Hercules,Joice,Training,138145
Taverner,Bentley,Marketing,126761
Antoniak,Annissa,Support,150612
Grogono,Ludwig,Sales,170564
Chismon,Nixie,Training,125656
Rappport,Staford,Accounting,161851
Davidzon,Robbyn,Support,152358
Clempton,Moria,"Business Development",150899
Bax,Laughton,Engineering,140168
Corneliussen,Babita,Engineering,180705
Epilet,Chauncey,Accounting,134517
Philo,Rickie,Services,176782
Klimt,Carlin,"Business Development",168321
Wigmore,Claudianus,Services,158405
Potten,Sande,Training,135144
Maggi,Britni,Engineering,169617
Butt,Denis,Accounting,153222
Taffee,Blanca,Training,159239
Fairn,Antonella,"Business Development",125879
Rosenthal,Brear,Legal,134128
Sanham,Karol,Sales,128964
Schwier,Patrizia,Services,156251
Aluard,Ginelle,"Business Development",165369
Wanne,Jacquelynn,Services,148884
Veldens,Alan,"Research and Development",170095
Cescot,Lucais,Engineering,182673
Dominichelli,Shepard,"Business Development",136414
Tranfield,Christa,"Business Development",126016
Roullier,Winfred,Engineering,168847
Upwood,Bobine,Support,133883
Flintoffe,Hubie,Engineering,128858
Dallas,Garner,"Research and Development",131075
Walklott,Eddy,Engineering,173831
"de Vaen",Pierrette,Engineering,153566
Bridell,Conrad,"Business Development",154016
Aindrais,Abagael,Accounting,173307
Ponceford,Addy,"Business Development",157278
Ravelus,Crissy,"Research and Development",148059
Vassel,Gus,"Business Development",152294
Beharrell,Cara,"Research and Development",140565
Quinnet,Henrieta,Accounting,175520
Cherrie,Blanca,Engineering,169072
Scullin,Jamal,"Human Resources",174795
Albury,Alta,Engineering,140332
Everix,Forrest,"Research and Development",131180
Yegorkov,Penny,Engineering,177164
Wathall,Ferrell,"Research and Development",148103
Marieton,Nickola,Engineering,154784
Fronczak,Germaine,Engineering,170358
Andrei,Carilyn,Engineering,148846
Ordidge,Rosco,Accounting,153553
Chiechio,Niall,Accounting,179732
Cypler,Elenore,Sales,169008
Dunan,Ebonee,Sales,155058
Miguet,Liza,Sales,150121
Ashcroft,Giselle,Accounting,158711
Lobley,Huntlee,"Human Resources",136009
Lehrian,Letty,Engineering,169216
Searson,Magnum,Engineering,169543
"De Filippis",Ara,Engineering,129452
Treanor,Karlyn,Training,175275
Bellfield,Reggi,Accounting,156011
"Di Pietro",Cassie,Engineering,166504
Tremblet,Carine,Sales,128661
Ruckhard,Lian,Training,162891
Henriquet,Ardyce,Engineering,158975
Cavie,Rawley,Accounting,169952
Bumpus,Carny,Legal,174369
MacAne,Hermon,Engineering,133664
Escot,Gunner,Engineering,175524
Filisov,Josi,Training,139812
McCallum,Quinn,"Human Resources",131707
Matyugin,Constantino,Engineering,182707
Pear,Rubi,Training,132523
Pickard,Agnes,Auditing,159175
Klasing,Mariette,Engineering,157734
Clethro,Ameline,Engineering,157163
Smithson,Alphard,Accounting,144330
Manueli,Linea,Engineering,140017
Kerrigan,Alasdair,Engineering,171209
Hrinchenko,Collin,Engineering,128158
Argontt,Peterus,Engineering,135394
Snarr,Adan,"Human Resources",127419
Noor,Grenville,Engineering,169235
Crace,Bradan,"Research and Development",143140
Andreuzzi,Torey,Marketing,136100
Elsdon,Liuka,"Research and Development",142217
Garatty,Zelma,Services,180196
Beaufoy,Chandra,Training,127152
Lightwood,Melina,Accounting,133811
Garcia,Vale,"Business Development",163357
Minchinton,Wallie,Engineering,172613
Allans,Veronique,Engineering,134686
Furney,Lynn,Training,145736
Sleite,Tawnya,Services,125456
Easun,Englebert,Support,164852
Hounsom,Rudiger,Engineering,161164
Inmett,Yolande,Support,174724
Meah,Tarrah,"Research and Development",158972
Stetlye,Mahmud,Engineering,148738
Dubique,Ashbey,Training,136291
Ever,Harper,Support,164173
Perello,Evelyn,"Product Management",170131
Jeffree,Jeramie,Engineering,173008
Scimone,Dara,"Research and Development",177590
Desson,Elane,Training,125361
MacCallion,Flossie,Engineering,148109
Gilloran,June,Engineering,140823
Pollicatt,Diahann,Services,170941
Jendrusch,Mora,Accounting,140954
Shew,Stacee,Legal,146725
Dillestone,Dotty,Engineering,141372
Loughead,Tad,Engineering,158616
Goozee,Ward,Accounting,169404
Blackaby,Jess,"Research and Development",133123
Sherburn,Ernest,Sales,136005
Sausman,Tallia,Engineering,175388
Boote,Merle,"Human Resources",179043
Beaumont,Brigitte,Support,137231
Davitashvili,Benoit,Accounting,173228
Illsley,Arlan,Accounting,150118
Sommerling,Candace,Services,148037
Betz,Marice,"Human Resources",181302
Botterill,Webb,"Human Resources",181839
Pummell,Mathilde,Training,163824
Aloshechkin,Tremayne,Engineering,138028
Roarty,Corbet,"Research and Development",172198
Semaine,Bale,Engineering,125566
Nardrup,Marianne,Accounting,144531
Haskew,Warren,Accounting,150768
Precious,Maria,Engineering,128567
O'Hanley,Hanson,"Research and Development",142564
Hugonnet,Rahal,Engineering,165826
Keyte,Fowler,Engineering,160450
Gaitskill,Opalina,"Product Management",177629
Biever,Howie,Sales,133970
Garken,Kennan,Services,159649
Gotling,Nerita,"Business Development",134806
Cudbertson,Marilee,Engineering,184010
Ronaghan,Barbara-anne,Engineering,128737
Menere,Aldridge,"Product Management",183953
Eggerton,Lynda,"Research and Development",168088
Harridge,Lenee,Sales,169559
Healey,Moe,Engineering,165674
"Le Fleming",Erastus,Engineering,166790
Owthwaite,Haleigh,Sales,159074
Jankin,Dela,Engineering,129183
Antrag,Ardelia,Services,146964
Baddoe,Tildy,"Business Development",166384
Pauley,Murdoch,Engineering,126543
Olerenshaw,Giralda,Engineering,165249
Chaman,Melissa,Accounting,150179
Probet,Erl,"Product Management",129826
Hue,Tobe,Accounting,168140
Bariball,Gretta,"Product Management",129644
Magor,Johan,Support,156256
Ginsie,Doroteya,"Business Development",174201
Fountain,Emmalyn,"Business Development",166517
Ginnaly,Bette-ann,Engineering,144851
Congreve,Doll,Engineering,159945
Schneidau,Felisha,Engineering,131533
Whitebread,Oliver,Marketing,136263
Staff,Terese,Support,162061
McAleese,Saunders,"Research and Development",134017
Rawsthorne,Farra,Engineering,133718
Spollen,Celinka,Engineering,139126
Dawnay,Emiline,Training,149284
Rugiero,Kippar,Accounting,138902
Paydon,Karole,Engineering,170257
Luty,Bronny,"Research and Development",137142
Trussman,Theodora,"Human Resources",145560
Dosdale,Adolpho,Training,127750
Philippeaux,Griffy,"Human Resources",127069
Besson,Dita,Engineering,162308
Skelly,Lock,Accounting,171100
McPhee,Raimund,Accounting,136821
Gottelier,Chrystel,Accounting,131143
Kearn,Laird,Accounting,150402
Orrill,Sigfried,"Business Development",134538
Conrard,Grannie,Engineering,160841
McDavid,Piggy,Engineering,169537
Gummory,Martie,Accounting,161930
Bretherick,Nikolos,Engineering,127112
Dunrige,Frasquito,Auditing,132227
Extal,Jessa,Sales,147308
Checci,Dougie,Accounting,132934
Allred,Harp,"Business Development",178012
Edmondson,Kaiser,"Product Management",181687
Wadeling,Abagael,Accounting,179857
Hoston,Bart,Support,154219
Seal,Sissy,Engineering,171793
Turfes,Elana,Sales,143016
Lambrecht,Minetta,"Product Management",173513
Swindle,Molly,"Business Development",136186
Foran,Mariya,Engineering,161449
Bonsall,Kylila,"Human Resources",135390
Courtliff,Angelico,Engineering,137903
Bellee,Anastassia,Engineering,139520
Bartczak,Harlie,Engineering,128973
Axten,Anastassia,"Business Development",182642
Hedditeh,Suzanne,Legal,144812
Kippins,Nev,Sales,155937
O'Gleasane,Boonie,Sales,139611
Hugonin,Nicholas,Engineering,153494
Laterza,Cristiano,Engineering,148157
Weavill,Carlota,Services,150912
Bento,Natty,Engineering,177812
Taysbil,Trisha,Services,145667
Whooley,Lay,Engineering,144980
McDuall,Dorisa,Accounting,143479
Rilings,Amalia,"Product Management",165725
Houlahan,Jamie,"Research and Development",142299
Alyoshin,Clementius,Engineering,171221
Loody,Levi,"Human Resources",127968
Champniss,Aeriell,Training,158674
Janca,Denny,Training,157932
Ham,Oliy,Accounting,146380
Orht,Martyn,Engineering,170281
Sydes,Curran,Sales,147182
Smissen,Marketa,Services,140247
Nouch,Cirstoforo,Sales,160049
Tidball,Marillin,"Human Resources",157103
Badger,Sutton,"Human Resources",158138
Bleything,Marya,Accounting,128434
MacIntosh,Denice,Engineering,166435
Rival,Amie,Accounting,147329
Tuer,Vaughan,Engineering,147138
Collop,Vere,Training,172113
Stollsteiner,Ezekiel,Services,157421
Rudgard,Dita,Marketing,139182
Kille,Lucie,"Business Development",174461
Sherborn,Hesther,Legal,146758
Martelet,Nanci,"Human Resources",175849
Blucher,Madalyn,Sales,127630
Tomicki,Celinka,Services,173242
McCheyne,Christie,Training,128879
Monelle,Irena,Training,156849
Meth,Shelby,Engineering,147350
Coventry,Ricky,Accounting,158988
Olliffe,Sandor,Services,151269
Culligan,Lothario,Engineering,168477
Crossdale,Gabi,Engineering,142402
Allum,Frankie,Engineering,125965
Goulborn,Vincenz,Training,144089
Breach,Westley,"Human Resources",176159
Leverage,Chuck,"Business Development",126581
McAtamney,Lance,Accounting,137007
Osgardby,Lenee,"Human Resources",178942
Botger,Ricard,Engineering,138729
Penquet,Carmine,"Business Development",173675
Scargle,Andy,Accounting,134794
Huckabe,Starr,"Human Resources",141080
Gathercole,Claudio,Accounting,138040
Falla,Ursulina,"Human Resources",125981
"Le feaver",Fidel,Engineering,184919
Baylie,Micah,Training,132128
Farmiloe,Harlene,Accounting,158225
Seaborn,Friederike,Accounting,184782
Kirtland,Derrik,Engineering,138255
Snell,Erinna,Accounting,152007
Aberhart,Wren,Accounting,183083
Antoniazzi,Virgilio,Engineering,125891
Capsey,Heddi,Accounting,148706
Hartwright,Conrad,Engineering,148816
Crawshaw,Antoni,Accounting,162072
Gillbanks,Analise,Engineering,145530
Beadell,Eli,Accounting,126110
Motton,Marcie,Services,140674
Allmann,Gamaliel,Support,167122
Muller,Janella,Support,166827
Keady,Billy,Accounting,178207
Vaz,Wes,Accounting,160691
Coggill,Jody,Support,164055
Scarborough,Courtnay,Engineering,157679
Fewings,Belia,Sales,184320
Honsch,Ashley,"Human Resources",173224
"De Blase",Jeremias,Services,155153
Philipp,Anissa,Services,169003
Bodicam,Antoinette,"Research and Development",164939
Lippiett,Elayne,"Research and Development",139444
Iveagh,Clive,Engineering,165583
Blowing,Waldon,"Research and Development",148138
Mayoral,Maryann,"Research and Development",175426
Alldre,Pennie,Sales,179511
Civitillo,Duane,Support,177281
Barens,Nikola,Engineering,159311
McVeighty,Cori,Sales,179126
Bathersby,Cindelyn,Services,144972
Fripps,Rene,Engineering,173623
Ablewhite,Gonzalo,"Research and Development",137336
