name,last_name,area,salary
Kimmy,Walczynski,Engineering,77719
Ignatius,Springett,"Business Development",135189
Corbie,Bittlestone,Sales,122484
Baxy,Matton,Services,82100
Terrell,Suff,"Product Management",114648
Kacie,Offiler,Engineering,121044
Sandro,Admans,"Product Management",174195
Eugene,Lehrahan,Engineering,66031
Wainwright,Corfield,Engineering,164055
Dyann,Isoldi,Engineering,135543
Grantley,Oret,Services,166001
Elmore,Worner,Engineering,117567
Dud,Brain,"Business Development",150237
Aguie,Conford,"Business Development",174698
Katerina,Rosborough,Engineering,124803
Alida,Longley,Accounting,156904
Laraine,Petre,Engineering,140626
Gareth,MacCook,Legal,107742
Scottie,Chestney,Engineering,90315
Christophorus,Boseley,Marketing,124809
Arleyne,Froome,Engineering,137597
Todd,Cashen,Accounting,115695
Elmo,McNee,Services,78418
Regen,Nafzger,"Human Resources",164369
Penelope,Wenman,"Business Development",154937
Rudolf,Reichardt,"Business Development",97134
Tobiah,Fruchon,Services,138757
Fay,Monnelly,Engineering,111994
Lola,Burrells,"Human Resources",132408
Hamel,Edgeler,"Human Resources",152256
Shalne,Berntssen,"Business Development",132654
Nefen,Russan,Training,120834
Woodie,Hayhow,Engineering,170827
L;urette,Stango,Training,124715
Claude,Ales0,Sales,126534
Virginia,Teligin,Engineering,119752
Starr,Yitzhok,Training,99040
Perla,Durrand,Sales,178809
Mahala,McTrustie,"Business Development",118730
Hobart,Bertrand,"Business Development",129612
Nobe,Leathe,Engineering,174045
Peta,Gosson,"Human Resources",146252
Ninnette,Batter,"Business Development",152349
Bibbie,Matteoli,Support,74632
Averell,Paintain,"Research and Development",118943
Marcel,Fowkes,Accounting,123127
Artus,Cawcutt,Services,110278
Emili,Cowl,Engineering,160528
Edeline,Painten,Services,172415
Meggi,"Mc Ilory",Training,152355
Giordano,Muckian,"Business Development",126833
Nickolas,Coopey,Support,135192
Corrina,Blooman,Services,155224
Odey,Brough,Engineering,143824
Lenka,Astridge,"Human Resources",134657
Gunar,Dinkin,Training,109088
Gale,Dreossi,Auditing,74124
Chrysa,Brownell,Engineering,150586
Britte,Royds,Training,84336
Bil,Wanden,Engineering,101508
Ronda,Dictus,Training,139256
Loree,Neno,"Research and Development",87404
Teena,Tolan,"Human Resources",88845
Karine,Seage,Training,112030
Diandra,Bourget,"Human Resources",133999
Dodi,Caves,"Business Development",85942
Hyman,Dancey,Training,179502
Rourke,Dawkins,"Business Development",81067
Northrup,Arendt,Services,181268
Guntar,Arro,"Business Development",147374
Midge,Orpyne,Engineering,121893
Isador,Crady,Training,171873
Nichol,Dionisii,"Business Development",153741
Dorey,Diperaus,Sales,80905
Lanie,Plewes,Support,103460
Mahmoud,"De L'Isle",Accounting,97531
Carlynne,Gouldthorpe,Accounting,93766
Modesta,Lanktree,Engineering,118405
Tildie,Ranvoise,Engineering,92899
Tallulah,Dowty,Engineering,75079
Addie,Coldman,Engineering,184325
Eleanore,Pudner,Engineering,114513
Carlene,Goldwater,"Business Development",66760
Amara,Jacobs,Sales,86754
Heall,Conville,Training,93624
Jake,Dawdry,Engineering,147458
Maribelle,Bisson,Training,108538
Calypso,Connold,"Business Development",131425
Tanitansy,Fancett,"Human Resources",90354
Allyce,Giacobazzi,Marketing,100936
Filberte,Morant,Engineering,180378
Sergei,Glidden,"Product Management",101912
Chelsy,Clacey,Training,104211
Romy,Sandever,"Research and Development",159712
Rorie,Rice,Engineering,114677
Karel,Gullen,Sales,95319
Marcela,Bostock,Engineering,76586
Agretha,Brunning,Engineering,105639
Willdon,Pirozzi,Support,125642
Paddie,Mallebone,"Human Resources",165021
Karina,Slocum,Services,91542
Gun,Heathorn,Services,119007
Dario,Renshall,Accounting,176947
Bartholemy,Schutter,Services,109279
Gamaliel,McRoberts,Accounting,169540
Demetre,Chaulk,Sales,178594
Temple,Banasevich,Engineering,131359
Gabie,Olivier,Engineering,155030
Carlen,Bruhnke,Engineering,119193
Nathaniel,Coolahan,Accounting,84675
Sarajane,Price,Accounting,180400
Hadria,Pallasch,Engineering,98277
Bethina,Mathissen,Engineering,154164
Joshua,Rubinsohn,Services,180107
Philippa,Garrod,"Product Management",110784
Sile,Schultheiss,Accounting,103290
Conroy,Vickars,"Business Development",153512
Roscoe,Swindells,Accounting,174120
Antonietta,Obal,Engineering,173686
Yettie,Swanborough,Sales,98038
Dannie,Thornton-Dewhirst,Accounting,151416
Nessy,Shute,Engineering,100069
Louise,Domingues,"Research and Development",102872
Frasquito,Frape,Engineering,125066
Leonie,Bridgeman,Training,92378
Marijn,Shotboulte,Accounting,84983
Gertrud,Jeavon,"Research and Development",141441
Gordie,Mariaud,Accounting,121775
Corrinne,Very,"Research and Development",86661
Frank,Sikorsky,Engineering,77945
Linoel,Berrecloth,Engineering,141146
Lucias,Sworder,Engineering,167127
Malvina,"Mc Grath",Engineering,129922
Joanne,Jacob,Engineering,106650
Yves,Yurivtsev,"Human Resources",179943
Curtice,Kidgell,Engineering,67616
Ruby,O'Duilleain,"Business Development",139305
Joseito,Walaron,Services,182319
Helli,Hothersall,Engineering,87548
Aura,Steagall,Accounting,164594
Flory,Ibbitt,"Human Resources",160270
Leontine,Rammell,"Product Management",98878
Carly,Everall,Support,141114
Reginald,Gosker,Engineering,133844
Kimmi,Moff,Engineering,146729
Adina,Marcq,Engineering,128676
Enrica,Cohalan,Engineering,147439
Valera,Hannent,Engineering,182104
Albrecht,Geffinger,Sales,171215
Orsa,Pafford,"Human Resources",174195
Pall,Snedker,Support,115852
Eilis,Byford,Engineering,86523
Maridel,Canario,Engineering,149261
Mellie,Hariot,Engineering,72130
Stefan,Orht,"Business Development",109170
Bertie,"La Batie",Services,118723
Cammy,Bleakman,Accounting,163199
Theodor,Perot,Engineering,141898
Lu,Larive,"Human Resources",135078
Marietta,Marieton,"Human Resources",124199
Monte,"How to preserve",Engineering,87788
Emanuele,Scotts,Engineering,157506
Kiley,Ricci,Training,149623
Pavel,Corsor,Services,154864
Nikaniki,Nurdin,Accounting,68439
Siward,Phelipeaux,"Business Development",115788
Kaylee,Lambdin,Engineering,174420
Chrisy,Risen,Engineering,175768
Tab,Lissemore,"Business Development",157628
Rem,Hassey,Accounting,134748
Brianna,Dudin,Engineering,121704
Sheppard,Klosges,"Product Management",174964
Karlen,Duckworth,"Human Resources",81548
Raphaela,Clowney,Engineering,141259
Idalia,Sherborne,Services,168491
Terence,MacConnechie,Engineering,177085
Shane,Ousbie,Training,168549
Cammi,Yakebovitch,"Research and Development",176576
Tomkin,"Di Ruggiero",Sales,109998
Leanor,Gemnett,Sales,117267
Sterling,Prue,"Human Resources",152763
Loydie,Platts,"Human Resources",103622
Darius,Birchenough,"Research and Development",109535
Jenn,Whitecross,Training,81104
Glenna,Owbrick,Accounting,150508
Lindy,Colliver,"Business Development",116568
Lorianna,Mitten,Accounting,168875
Modesty,O'Spellissey,Services,129938
Lorain,Kibbe,Accounting,112499
Gabie,Lawleff,Training,132408
Melanie,Rylands,Accounting,123177
Timothea,Summergill,Training,93956
Thorn,Kidston,Engineering,95230
Irvine,Shillinglaw,Engineering,172924
Lissi,Copcote,Engineering,176373
Brana,Gwin,Accounting,96168
Mohandis,Piecha,Engineering,170790
Caressa,"Van Leeuwen",Engineering,138682
Garrard,Oakenfull,Sales,141948
Chrissy,Zamudio,Services,73289
Rosie,Denyakin,Engineering,154987
Margery,Darbyshire,Training,103376
Sybilla,Oleszkiewicz,Accounting,76378
Chrysler,Brekonridge,Engineering,99239
Roselin,Warke,Services,105489
Lettie,Shute,Engineering,157248
Alphonse,Horsewood,Engineering,123684
Sharline,Andrzej,Accounting,158433
Liesa,Melling,Auditing,166453
Dale,Whitland,Accounting,142805
Mechelle,Waggatt,"Human Resources",157155
Curr,"De Biasi","Business Development",101604
Audra,Burdus,Services,101710
Merlina,Laing,Engineering,152098
Lorianna,Hayley,Engineering,146324
Carina,Finan,Engineering,183905
Nana,Grimme,"Product Management",151834
Zora,Peller,Accounting,118772
Kelbee,Noni,Engineering,102047
Amandy,Lafferty,Marketing,147523
Kerianne,Bault,"Business Development",144361
Kalle,Minchindon,Accounting,77167
Adam,Tremoille,"Human Resources",141864
Fan,Lockley,Support,97907
Shae,Avramow,"Human Resources",156913
Jock,Aarons,Engineering,173688
Dion,Sundin,"Human Resources",142629
Tierney,Oldknow,Support,168965
Robinson,"Le Moucheux","Human Resources",118739
Upton,Bowater,Accounting,75007
Whitney,Garred,"Business Development",167035
Josephine,Marriot,Engineering,147302
Larine,Dreakin,Engineering,155052
Wainwright,Osban,Sales,102713
Orella,Brim,"Human Resources",93546
Aldus,Sturr,Services,184237
Merv,Weiss,Accounting,161942
Nissy,Reskelly,Support,93740
Jaynell,Hunnybun,"Product Management",171244
Ives,Phette,"Human Resources",129518
Moina,Gabby,Support,119318
Barry,Bryns,Engineering,138901
Susanna,Bushell,"Product Management",69282
Forrester,Dadge,Engineering,131492
Shanon,Fonzone,"Human Resources",173104
Elisabet,Allchorne,Sales,145410
Yorgo,Pywell,Accounting,156459
Calvin,Tudor,Services,105777
Louise,Spottiswoode,Sales,146168
Gene,Renals,Legal,141951
Noni,Stuttard,Engineering,93995
Richmound,Aust,Support,122377
Thelma,Nanson,Services,171064
Sayer,Balcock,Sales,69554
Philis,Bayne,"Human Resources",84712
Maribelle,Shankster,"Human Resources",138654
Otho,Lernihan,Support,80863
Dena,Kob,Accounting,141659
Loreen,Bewicke,Engineering,108910
Tannie,Dillamore,Sales,163542
Cayla,Hubbis,"Product Management",101503
Cleavland,Dodridge,Engineering,94617
Leyla,Stiell,Training,179568
Brier,Mansel,"Business Development",94099
Manon,Sive,Engineering,133399
Clementine,Chatain,"Research and Development",114016
Xenos,Vallerine,Training,156861
Roddy,Dimanche,Engineering,109548
Munmro,Keirl,Services,106276
Wallie,Kemet,Accounting,71623
Nell,Mepsted,Services,174117
Montague,Snooks,Services,96615
Sue,Zelake,"Human Resources",112844
Allegra,Drury,"Human Resources",107129
Janie,Schiefersten,"Human Resources",180553
Piper,Murcutt,Services,81291
Noemi,Veljes,Sales,97116
Hugues,Balog,Engineering,133393
Ginnifer,Worssam,Engineering,68321
Darelle,Beall,Engineering,102355
Gamaliel,Cowsby,Engineering,84350
Bee,Daymond,Accounting,114767
Ced,Grutchfield,"Business Development",69598
Aila,Seares,"Human Resources",113025
Yorker,Tritton,Engineering,176068
Rubi,Simmins,Services,136654
Timi,Cunnah,"Business Development",114797
Hube,Simmig,"Product Management",150927
Nixie,Very,Training,137289
Shelagh,Gilfether,Marketing,122158
Augustina,Bradnam,Legal,163331
Avigdor,Date,"Human Resources",120702
Shellysheldon,Wilks,"Business Development",173005
Samaria,Chalcot,"Human Resources",138784
Editha,Shimmings,Engineering,128212
Kaylil,Horning,Marketing,121218
Forrester,Dowden,Engineering,154281
Hussein,Barff,Accounting,76381
Anallise,Ingraham,Engineering,119826
Imojean,Cleaton,"Business Development",178445
Manny,Cleft,Engineering,106997
Franzen,Londors,Sales,126494
Delaney,Padell,Accounting,161277
Quinlan,Rayson,"Human Resources",78456
Lyda,Greaterex,"Human Resources",176676
Gusella,Tavner,"Research and Development",126058
Abagael,Wildin,Sales,128750
Riki,Purrier,"Business Development",96966
Bryn,Lomb,Accounting,149590
Kizzee,Horick,Services,161612
Fenelia,Ducham,Services,115046
Gerome,Lambird,Training,71888
Vanda,Wildber,Engineering,154982
Jeffry,Morando,Accounting,92721
Jaquenetta,Otham,Accounting,158086
Ericka,Donwell,Engineering,175201
Sam,Boyett,Services,163031
Lynea,Handman,Engineering,90614
Katya,Rannald,"Business Development",129267
Ethelind,Bransdon,Accounting,81383
Gertruda,Prudham,"Business Development",141543
Melissa,Chazotte,"Human Resources",144553
Nari,McGarrell,Engineering,174984
Godfrey,Mourge,Engineering,103488
Ysabel,Evetts,Accounting,84817
Marya,Gabbotts,"Research and Development",177373
Luca,Caslett,Services,75455
Godfrey,Rathe,Engineering,139387
Ricki,Lowde,"Business Development",81628
Valaree,Jones,Services,175476
Jocelyn,Gothrup,"Human Resources",128750
Mabelle,Lamping,Accounting,137771
Brew,Borrott,"Product Management",150533
Dalila,Stobbs,Engineering,81417
Harmonia,McGoon,Engineering,149426
Linzy,Geeves,Engineering,141586
Nanon,Boycott,Accounting,99613
Ernest,Hitzschke,Engineering,164810
Lalo,O'Hannay,Engineering,113589
Brina,Gabbetis,"Business Development",88835
Rosamond,Casetti,Training,139428
Goddart,Bramford,Accounting,132301
Phaedra,Kolczynski,Training,114461
Alexina,Cumesky,Engineering,88313
Duane,Hegley,Training,167322
Gwynne,Elesander,Engineering,87646
Cherye,Braycotton,Engineering,71565
Merrielle,Scottesmoor,Engineering,77951
Abbey,Ethridge,Sales,72702
Ruprecht,Leander,"Business Development",149604
Clarence,Izakovitz,"Business Development",140943
Shirline,Sprake,"Product Management",95946
Gay,Maasz,Engineering,66030
Kellen,Huffy,Services,76297
Winnifred,Bartel,Engineering,182660
Kile,Zannolli,"Human Resources",178933
Wallie,Trumper,Accounting,78299
Udall,Beastall,Engineering,148130
Aksel,"Sainte Paul",Accounting,173862
Ian,Hens,Engineering,119267
Ogden,McGeraghty,"Product Management",77512
Meghann,McNaughton,Engineering,148820
Neil,Spurier,Support,180805
Seline,Rzehorz,Training,158894
Aggy,Heinzler,Engineering,154300
Jobina,Skillings,Engineering,107818
Salvatore,Woodvine,"Human Resources",128023
Brooke,Leijs,Marketing,95382
Jordan,Crust,Services,172896
Vivi,Conerding,"Business Development",152985
Mathias,Jindracek,Services,87135
Gisella,Iltchev,Accounting,181518
Kattie,Fransinelli,Training,81789
Bran,Goater,Engineering,162322
Milty,Halmkin,Engineering,68732
Timoteo,Clavey,Engineering,132640
Quintina,Fatkin,Sales,155477
Clayborne,Tordiffe,"Business Development",133652
Carlotta,Fogel,"Product Management",105997
"Jo ann",Deegin,Engineering,180840
Colby,Tylor,Accounting,160673
Brittney,Ivison,Services,151166
Adolph,Gannaway,"Human Resources",100852
Kenyon,Bramford,Engineering,141129
Maximilien,Hardstaff,Engineering,66547
Madelina,McMurtyr,Engineering,148970
Aluino,Hay,Training,150227
Darrick,Kimbling,Engineering,138720
Margarete,Arnull,"Research and Development",153176
Caitrin,Renzo,Accounting,145825
Cassie,Stawell,Sales,153930
Gillian,Dorrell,Engineering,182357
Harv,Fouracres,Support,68579
Dyana,Ferrarese,Training,152623
Harley,"St. Quintin",Engineering,87050
Lexie,Powers,Services,119631
Lacee,Gotter,Accounting,104965
Alic,Wilcinskis,"Human Resources",172784
Lisle,Laborde,Accounting,158307
Bil,Lancastle,Training,119120
Terrill,Denerley,Services,128848
Iolande,Patchett,Engineering,109705
Saul,Mayman,Engineering,78359
Nolly,Bayston,Services,164372
Michael,Girke,Accounting,120609
Rory,Wentworth,Sales,83088
Carlita,Enevold,Accounting,80034
Sorcha,Agget,Accounting,167529
Ara,Klimushev,"Research and Development",68245
Eilis,Cinderey,Accounting,149710
Winnie,Sheldon,Engineering,171890
Marline,Bailiss,Engineering,105827
Maryrose,Sinisbury,Engineering,178905
Walker,Antognazzi,Engineering,172210
Ermentrude,Grogan,"Human Resources",104362
Micky,Chaffey,Engineering,130726
Abbott,Springham,Accounting,151323
Benedick,Wann,Engineering,122766
Kiley,McCarry,Training,132522
Rodi,McBeath,Services,128491
Trenton,Chatband,Engineering,161031
Lovell,Nolton,Accounting,92033
Caryl,Dodshun,Training,119316
Kali,Duffield,Support,72343
Crin,Sculpher,Legal,150282
Jesselyn,Coggin,Accounting,159165
Lydon,Vynehall,Engineering,107583
Hunter,Learman,Accounting,152781
Rich,Horsted,Engineering,154919
D'arcy,Rushsorth,Support,146427
Eli,Quarrell,Engineering,180652
Brett,Trudgian,Engineering,152602
Beatrix,Youens,Sales,131402
Erwin,Licciardi,Engineering,124657
Daryle,Zanre,Engineering,181519
Candi,Waples,Services,175957
Dimitry,Manske,"Research and Development",116369
Tabby,MacRannell,Accounting,83805
Virginie,Calverd,"Human Resources",83169
Sasha,Bassick,"Product Management",78536
Sindee,Oakeby,Accounting,158192
Tad,Armitage,"Business Development",115729
Regina,Faircliff,Services,132183
Deeanne,Laurand,Accounting,94162
Pierette,Ramas,Training,143952
Garret,McDougle,Sales,141721
Peta,Petkens,"Business Development",148242
Aubrey,Clint,Sales,94329
Malcolm,Garbott,Engineering,88323
Tiff,Cayzer,"Human Resources",130466
Blondy,Orviss,"Business Development",156637
Georgy,Allitt,Engineering,126745
Meghan,Baptiste,"Product Management",94197
Celeste,Shynn,"Business Development",120226
Halli,McDoual,"Human Resources",138566
Burlie,Portriss,Services,130366
Sheffield,Northey,Accounting,97679
Stormi,McIlmorie,Services,146259
Melloney,Gooley,"Human Resources",134234
Roselin,Bohlje,Engineering,168501
Mada,Chamberlin,"Business Development",153507
Rafe,Marven,Support,86948
Ugo,Eake,Engineering,112355
Shayne,Banford,Sales,123399
Valerye,Whillock,"Human Resources",172722
Fraze,Charpin,Training,147404
Maynord,Spiteri,Accounting,179581
Hall,Gallon,Engineering,94993
Demetrius,Repp,Engineering,105142
Rob,Tuite,"Human Resources",166879
Esta,Crosthwaite,Engineering,138699
Barri,Seyfart,Engineering,183815
Jania,Beacroft,Accounting,163719
Valina,Grindall,"Business Development",86188
Elka,Casari,Accounting,109633
Benjie,Vasechkin,Sales,96468
Sampson,Mobberley,Accounting,96938
Rollins,MacNockater,Engineering,103165
Terra,Quixley,"Business Development",183546
Sergio,Covington,"Human Resources",119136
Skye,Janusik,Accounting,105419
Charlotta,Wayne,"Research and Development",174333
Kalindi,Allan,Engineering,91970
Corette,Borell,Sales,136731
Wayne,Bilbee,Engineering,160232
Gilbertina,Deschelle,"Business Development",102890
Irina,Sheather,Accounting,142318
Enriqueta,Preshous,Accounting,122331
Sukey,Gathercoal,Training,98008
Dunc,Stock,Engineering,151803
Gearalt,Townshend,Engineering,124415
Vinny,Hattam,Sales,176464
Aube,Sivewright,Engineering,153951
Nessie,Gane,Accounting,142127
Oralia,Siddle,Accounting,159641
Ahmed,Lerhinan,Services,81983
Marley,Mordaunt,"Business Development",158576
Wynn,Rean,Accounting,140287
Ardene,McQuillen,Accounting,66388
Freddy,Follett,Accounting,144620
Madeleine,O'Fallone,Sales,166269
Kingsley,Chansonnau,Engineering,98168
Chic,Cassam,Engineering,123267
Nicolas,Berkery,Engineering,140623
Hanson,Felton,"Business Development",104215
Minor,Addess,"Human Resources",91191
Guido,Reichardt,Engineering,103987
Margarita,Wardle,Engineering,98626
Juan,Nesby,Engineering,138419
Roth,Crocken,Support,92814
Amby,Neilus,Sales,145096
Carmela,McElvogue,Engineering,70746
Rhodia,Kildahl,"Research and Development",121277
Wainwright,Domesday,"Human Resources",169616
Ronny,Reye,Services,104329
Scot,Jaan,Accounting,103328
Calvin,Brislawn,Engineering,149065
Abey,Cornuau,Accounting,112070
Gregoire,Salsbury,Sales,102023
Bruce,Kennefick,"Product Management",82900
Hermy,Langan,"Business Development",136079
Cloe,Wixey,Sales,68336
Calli,Ashlin,Legal,75983
Lorelei,Idill,"Business Development",84477
Gardener,Aim,Engineering,105183
Terra,Febry,Training,175746
Annemarie,Bettenay,Engineering,82146
Rachel,Elven,Services,120109
Joy,Ebbens,"Research and Development",67394
Etan,Espinet,Engineering,76490
Trip,Fallens,Services,120221
Ruben,Lilian,Training,71738
Roanna,Doohan,Accounting,95294
Alfred,Holbarrow,Sales,74386
Cherida,Meaking,"Research and Development",124578
Ingeborg,Stainland,Accounting,169661
Jodi,Charlot,Engineering,138716
Rodney,Cape,Training,132329
Isa,Ingry,Engineering,170925
Bethanne,Teresse,Engineering,101568
Grenville,Raffon,Engineering,123922
Guillema,Magee,Engineering,173121
Danell,Evert,Services,105782
Abe,Inkle,Engineering,128512
Charisse,Doldon,Accounting,66365
Jed,Jantet,Support,179437
Yoshi,Alben,Engineering,124172
Faina,Stansell,Accounting,122551
Vale,Castagnaro,Training,152908
Laverna,Battleson,Engineering,135692
Tull,Kingsmill,Engineering,124901
Ilyssa,Koch,"Research and Development",142247
Tonnie,Romand,Support,184866
Victoria,Picot,Engineering,76911
Eugen,Pentycost,"Product Management",72501
Bertram,Moyers,Engineering,82479
Josias,Wrankling,Accounting,91122
Dennet,Elliker,Engineering,107272
Jesselyn,Vick,Engineering,79409
Scarlet,Muggleton,Engineering,168090
Meredeth,Christian,"Research and Development",88728
Chelsy,Cowerd,Engineering,96160
Colet,Shinton,Accounting,143875
Dana,"O' Markey","Human Resources",145135
Martino,Naile,Support,109110
Joeann,Johanning,Training,111760
Ferguson,Isham,Support,173542
Bald,"De la Yglesia",Services,86551
Correna,Josowitz,Training,135512
Beauregard,Linklater,"Human Resources",170926
Rafaelia,Biaggetti,Engineering,100959
Celestina,Barlace,Accounting,177189
Thacher,Seniour,Sales,182577
Nissa,Sealey,Engineering,113150
Aurea,Woolward,Sales,96307
Bob,Kleszinski,Training,124961
Meta,Dennerley,Sales,122421
Damon,Collinson,Engineering,172863
Ronna,Twiggs,Training,183249
Blinnie,Britto,"Human Resources",98295
Raleigh,Leggan,Engineering,168242
Clemmy,Dutch,Services,152910
Andreana,Mugg,Engineering,107689
Leanora,Christaeas,Engineering,88338
Elizabet,Linwood,"Business Development",66680
Ivor,Mowle,"Research and Development",70535
Faydra,Slevin,"Business Development",121838
Blinny,Domange,Engineering,84116
Gibb,Belbin,"Research and Development",106116
Trumaine,Egdell,Accounting,101389
Ted,Clears,Accounting,72495
Sauncho,Bogges,Accounting,184587
Diena,Rump,Accounting,162190
Sharleen,Abba,Engineering,173241
Leoine,Chinnery,Services,77170
Audrye,Rowson,Engineering,142123
Lenci,Swalough,Support,108262
Herb,Proom,Engineering,182042
Welsh,Manjin,"Business Development",136874
Drusy,Mooney,Training,77986
Guendolen,Neles,Training,87650
Bonita,Dowe,"Business Development",140689
Waverly,Chastagnier,Accounting,114383
Saidee,Gracey,Accounting,146198
Hillel,Yakovl,Marketing,112925
Arluene,"D' Angelo",Engineering,164838
Gaye,Candelin,"Human Resources",109161
Pooh,Redding,Accounting,66778
Martha,Bowhey,"Business Development",71253
Corty,Mirando,Engineering,107123
Madelaine,Waterstone,Marketing,155236
Wye,Mallebone,"Product Management",94282
Jesus,Meddick,Engineering,125990
Ninon,Jacklings,Training,156418
Bond,Soule,Engineering,93995
Caria,Culbard,"Business Development",89457
Abrahan,MacAne,Services,152574
Glenda,Serfati,Training,123399
Lindi,Brogan,Accounting,169054
Conrado,Baradel,Sales,76935
Sabra,Sange,Engineering,106459
Harris,Alekhov,Accounting,148372
Frank,Harland,Services,162292
Darleen,Blackaller,Services,174650
Keene,Iacomelli,"Business Development",86562
Kariotta,Lowth,"Business Development",131128
Lockwood,Bousler,"Product Management",75738
Tod,Frankema,"Business Development",164429
Tobit,Peatman,Engineering,158582
Blanch,Petty,Engineering,149683
Will,Lang,Engineering,160132
Alonso,Jaffrey,Support,139823
Agata,Bartholat,Sales,124238
Dolly,Thomsen,"Product Management",151497
Zoe,Upcraft,Sales,141245
Hyacinth,Disley,Engineering,139286
Eyde,Threadgill,"Human Resources",162016
Charlotte,Banbrick,"Research and Development",115061
Quill,Olivia,Training,182493
Luciana,Kopf,"Research and Development",150162
Lauretta,Barkhouse,Engineering,131937
Kristy,Addionizio,"Human Resources",117701
Ethelind,Hightown,Accounting,148288
Valentia,Nuccii,Marketing,99320
Zacherie,Rubbert,Marketing,125083
Shirleen,Vergo,Services,160254
Bethany,Benediktsson,Accounting,161986
Bryce,Frary,Engineering,151814
Vanessa,Hall-Gough,"Business Development",137294
Kelley,Castaner,Engineering,154394
Sindee,Kike,Marketing,97912
Bryce,Smitherham,Accounting,128125
Francis,Alleway,Accounting,110264
Lyssa,Rainton,Marketing,124034
Tarrah,Oleksinski,Engineering,150043
Jo-ann,Blitzer,"Research and Development",136999
Ana,Feldstern,Training,120502
Evanne,Lander,Accounting,145389
Shepard,Codrington,Accounting,168900
Nicholas,Note,Engineering,168719
Peggie,Beed,Training,175755
Alanson,Lavery,Sales,74699
Derek,Southcoat,Marketing,120723
Joshia,Pechacek,"Human Resources",87841
Karlan,Bissatt,Engineering,178247
Mickie,Kirsche,Services,129021
Kora,Apperley,"Research and Development",123632
Arlyn,Favel,"Business Development",70967
Matteo,Buckleigh,Engineering,80264
Tabbatha,Carruth,Accounting,85544
Pippa,Morsey,Auditing,141929
Nettle,Blogg,Engineering,162894
Jobey,Dickinson,Engineering,83627
Ethelyn,Belverstone,Engineering,183904
Ware,Gillicuddy,Services,156243
Lorenzo,Bresner,Engineering,98622
Arthur,Gilbanks,Engineering,65387
Cicely,Sindle,Training,69618
Arte,McAster,Engineering,96536
Terencio,Bann,Engineering,78630
Delmar,Dakhov,Engineering,82467
Tremain,Lyngsted,Engineering,113750
Bria,Parlour,Services,67756
Danyette,Wrate,"Business Development",89837
Pennie,Clyne,"Product Management",91560
Price,O'Moylane,Support,144892
Nertie,Felten,Accounting,77335
Rutger,Iveagh,"Research and Development",155676
Kenn,Pond-Jones,Legal,123911
Farr,"Le Fevre",Sales,128108
Pennie,Dillow,"Human Resources",81573
Rhiamon,Tchir,"Product Management",171877
Baird,Hambers,Training,114771
Mayne,Banbrick,Sales,144196
Emmott,Beverstock,"Human Resources",126691
Randene,Noden,"Business Development",93358
Andie,Jenkyn,Engineering,108598
Carlota,Tilson,Services,85217
Ainslie,Tidbury,Engineering,141280
Hubie,Forman,"Product Management",84514
Finn,Guirau,Marketing,171710
Camille,Masterman,Engineering,126451
Charity,Isaksson,Accounting,101195
Filippo,Loade,Sales,154685
Claudina,Brotheridge,Accounting,173529
Alanson,Housecroft,"Product Management",166561
Jeremy,Purchase,Engineering,160620
Fairleigh,Oggers,Training,107771
Cecil,Hannay,Sales,101013
Richmound,Baumber,Engineering,79204
Sunny,Callum,Engineering,154122
Sharia,Riddock,"Human Resources",88884
Kristel,Farington,"Human Resources",151386
Bevin,Coaten,Engineering,71636
Iver,Dutnall,"Research and Development",95131
Christoph,Smieton,Training,162200
Gaile,Foyle,Sales,167238
Tully,Darey,Marketing,145410
Dougy,Jankovsky,Accounting,168884
Winthrop,Vatini,Accounting,165889
Benedicto,Morland,Training,138401
Alf,Pascow,Sales,87316
Magnum,Smalley,Services,124192
Malory,Vears,"Human Resources",120059
Juliane,Dunthorn,Engineering,101430
Lorine,Dellar,Accounting,97111
Bridget,Bunston,Engineering,168155
Vivia,Blackly,Legal,145702
Lexi,Loftin,Engineering,170137
Charo,Elven,Engineering,170906
Emmott,Cargenven,Accounting,101451
Almeria,Adney,Engineering,111737
Berti,Pashby,Accounting,164420
Rafa,Ryce,"Product Management",96444
Raynor,Fraschini,Training,92067
Lisle,Pluvier,Training,131447
Jeanna,Willbraham,Training,136509
Filbert,Gleave,Engineering,120952
Ariel,McIlmorie,Engineering,138135
Diann,Northbridge,Accounting,128097
Gardie,Paff,"Human Resources",108722
Dillon,Playfair,Engineering,104270
Glenn,Oxtiby,Marketing,79429
Nikolaus,Bromell,Legal,167681
Latia,Furzer,"Human Resources",182872
Gretel,Fawssett,Engineering,93319
Alfonso,Salliss,Accounting,96138
Moe,Keigher,"Research and Development",140420
Hatti,Collcutt,Accounting,110119
Mathilde,Armistead,Services,128655
Niki,Archell,Accounting,130260
Nettle,Lergan,Engineering,95347
Delila,Rockcliffe,"Human Resources",115360
Ferguson,Priestman,"Research and Development",169247
Katerine,Hagergham,Support,162497
Delphine,Culbert,Training,72271
Lynne,Crallan,Engineering,91258
Melissa,Bonnor,Accounting,106536
Saloma,Loosley,Engineering,88289
Maury,Lindemann,Accounting,90952
Herculie,Hatliff,Accounting,96152
Lizabeth,McLice,"Business Development",166569
Nisse,Wight,Engineering,158686
Rowe,Fish,Engineering,173719
Eliot,Chatten,Engineering,128004
Lombard,Meace,Engineering,146187
Laurianne,Paulin,Engineering,177384
Samara,Rew,Engineering,75509
Bendix,Nunson,Engineering,141705
Mano,Greatham,Training,72823
Gladi,Abbot,Accounting,149717
Vonnie,Swaddle,Accounting,132093
Mindy,Charlon,Engineering,118184
Angel,Nickols,Accounting,156601
Prudi,Windaybank,Support,143173
Mackenzie,Drains,"Business Development",87097
Catherin,Wiszniewski,Training,133309
Cash,Daish,Services,128798
Ertha,Gebuhr,"Research and Development",86513
Ramon,Rawll,Engineering,129469
Baillie,Kadwallider,"Research and Development",85732
Shana,Forsdyke,"Research and Development",126225
Kessiah,Launder,Sales,69582
Lambert,Finker,Engineering,165586
Virgilio,Goldie,Accounting,119465
Mathew,Curl,"Research and Development",175716
Godfry,Georgiades,Sales,164992
Tanny,MacRonald,Support,65771
Fax,Gepheart,Training,177949
Nap,Odger,Training,158095
Candie,Degoy,Training,163653
Burg,Lowne,Accounting,112217
Maiga,Turnpenny,Engineering,143452
Natty,Larne,Engineering,165340
Rancell,Wickmann,"Human Resources",80792
Mattie,Meneghelli,"Business Development",116948
Barbra,Brotherton,Accounting,88089
Janelle,Cheeke,"Human Resources",124269
Sophey,Abelson,"Research and Development",158580
Chrystel,Longthorne,"Business Development",153485
Haleigh,"Le febre",Accounting,165722
Somerset,"De Freitas",Sales,106045
Karin,Bowra,"Business Development",162266
Wilmette,Sweating,"Business Development",148300
Temple,Camblin,Sales,73223
Dmitri,Lyst,Services,81687
Dion,Ballham,Accounting,166059
Darbie,Strangeway,Sales,116804
Stefa,McGlew,Engineering,115163
Emery,Fields,Accounting,89977
Collen,Koschke,Engineering,141840
Zea,Bryceson,Support,112208
Mira,Grabiec,Training,96808
Michelle,Coiley,"Business Development",87738
Clo,Urwin,"Business Development",141438
Malanie,Standell,"Business Development",117715
Alameda,Corben,Sales,161133
Glory,Durrand,Engineering,159762
Loutitia,Lambdean,"Research and Development",140193
Lissi,Cone,Accounting,90662
Glennie,Maplesden,Engineering,137761
Samantha,Geldart,Engineering,111947
Filberto,Frichley,Sales,160973
Jeniece,Kincade,Engineering,130454
Ingaberg,Sugge,Accounting,161515
Melisandra,Lefwich,Engineering,115005
Brenda,Froud,Engineering,164671
Case,Rossbrook,Engineering,68564
Noel,Coode,Engineering,77584
Duke,Sleith,Training,158056
Harald,Dyott,Engineering,172420
Philippe,Marflitt,"Human Resources",91613
Odetta,Genner,Accounting,154923
Tripp,Shillito,Training,161223
Dwight,"Di Pietro",Engineering,184080
Barb,Grewes,Training,120052
Stefa,Churcher,Training,138585
Lorilee,Barrat,Support,96235
Chris,Tuson,Engineering,155876
Bale,Oldroyde,Engineering,158781
Pavlov,Treanor,Support,173557
Bertrand,Smithers,Engineering,118015
Howard,Rushbrooke,Training,74048
Emalee,Regenhardt,Sales,69014
Elly,Cafe,Accounting,161431
Sandie,Bote,"Research and Development",86945
Madelle,Ryles,Accounting,88607
Corrie,Fasset,Engineering,156204
Hannie,Bulpitt,Engineering,84623
Cly,Charrier,"Human Resources",158437
Mendy,Doiley,Sales,174172
Karlotta,Inskipp,"Human Resources",171012
Nixie,Wheal,Training,71394
Carissa,Goosey,Engineering,152749
Allison,Trase,Training,67854
Elmo,Aylmer,Engineering,73088
Pepillo,Judson,Legal,140738
Reagan,Mellhuish,Sales,174299
Jocko,Kidder,Sales,112379
Rebekah,Jakolevitch,Engineering,150847
Marylynne,Gowanlock,Legal,83020
Breanne,Keming,Services,90950
Evonne,Fenna,Accounting,133371
Willow,Lytton,"Research and Development",144048
Fayth,Danaher,Training,148268
Sampson,Wandrack,Support,87678
Olav,Viccars,Accounting,68914
Juliet,Garford,Sales,137435
Beck,Drewery,Support,145349
Berkeley,Pagen,Engineering,143599
Caitrin,Robinett,"Business Development",83658
Kelsy,Thecham,Engineering,76917
Wain,Cawley,Sales,119091
Donal,Redit,Accounting,100708
Bliss,Sebire,Sales,115528
Camile,Canete,Services,120348
Jethro,Wiggall,Engineering,136727
Hervey,Nellis,Accounting,97327
Caralie,Thunderchief,Engineering,184989
Alejoa,Knightsbridge,Services,161847
Richmond,Vicioso,Marketing,110806
Conway,Walford,"Human Resources",87220
Jillane,Webbe,Sales,119018
Teddie,Davinet,Engineering,165065
Weylin,Gerin,Engineering,178779
Pearl,Meachan,"Business Development",123433
Sandy,Beebe,Services,168925
Nadia,Legerton,"Business Development",173990
Marline,Peinke,Accounting,162012
Sallyanne,Benedtti,Services,122977
Fallon,Yorkston,Training,68671
Wenonah,Idell,Accounting,134350
Hugh,MacGinlay,Engineering,101354
Dewain,Bennington,"Business Development",180016
Eudora,Camber,"Human Resources",120687
Karilynn,Terbeck,"Research and Development",154743
Pancho,Cianelli,Training,108318
Matthew,Whines,Engineering,122773
Reid,Riccelli,Accounting,129286
Codi,Workes,Services,114029
Xerxes,Stango,Services,141654
Zaneta,McKelvey,"Research and Development",184479
Scotti,Shropshire,"Business Development",84150
Dorthea,Careswell,Accounting,149424
Luz,Bus,Services,110787
Waylen,Conley,Engineering,182103
Daphne,"de Cullip",Accounting,146897
Tomkin,Gives,Services,115496
Leora,Rippingall,Accounting,94945
Kimbell,Dibner,Sales,87622
Whitman,Little,Services,132815
Celene,Killiam,Accounting,114381
Moore,Tarbet,Services,175489
Libby,Magnus,Auditing,137528
Fredericka,Bust,Training,96470
Yorker,Rainey,Engineering,152278
Zahara,Annakin,"Business Development",82132
Maynord,Burvill,Engineering,82755
Lesley,Blowers,"Human Resources",82927
Kendell,Cooksley,Engineering,161696
Ellsworth,Stickins,Engineering,158247
Karla,Braney,Accounting,122107
Phyllys,Rigbye,Services,103423
Teodoor,Pedgrift,Engineering,154630
Cinderella,Garforth,Support,108920
Natalee,Veldstra,"Product Management",89097
Karalynn,Liptrot,Engineering,144334
Trip,Drynan,Sales,169361
Antonia,Hallyburton,Engineering,171005
Gail,Adacot,"Human Resources",128757
Stanfield,Sandhill,Sales,87531
Jewell,Stigers,"Research and Development",107731
Durand,Osmon,"Human Resources",111651
Georgy,Snailham,Services,115618
Jonis,Twallin,Training,95322
Denys,Jozwicki,Accounting,110185
Cahra,Goodfellowe,"Business Development",142626
Davine,Shickle,Engineering,103170
Novelia,Gregory,"Human Resources",145617
Winn,Burgis,Engineering,76125
Adams,Schwandermann,Support,68557
Arne,Olekhov,Engineering,175951
Gerome,Woolsey,Support,69767
Abdul,Baxster,Services,142826
Berky,Franek,"Human Resources",126523
Viva,Posthill,Engineering,170318
Benji,Lilburne,Marketing,138260
Ciro,Byford,"Business Development",107081
Kessiah,Hubbuck,Accounting,102971
Emilie,Parlott,Engineering,102313
Angelica,Hutchinson,"Business Development",109904
Belva,Howard,Engineering,157120
Melitta,Sictornes,Engineering,180247
Gleda,Tingcomb,Support,174389
Maryl,"Di Franceshci",Sales,86753
Elisha,D'Onisi,Accounting,137641
Steward,Matheson,"Research and Development",84156
Ignacius,Axup,"Human Resources",131786
Conney,Boice,"Business Development",137117
Dewain,Sheryn,Engineering,134920
Tracee,Tregoning,"Human Resources",177536
Kailey,Eick,Engineering,80677
Marthe,Cardenoso,Training,166630
Murdoch,Karran,"Product Management",95680
Elga,Clough,Accounting,67861
Ermin,Neachell,Sales,81463
Ardelis,Hartill,Support,96241
Borg,Anwell,"Business Development",162671
Martguerita,Joubert,Services,89915
Garth,Laughton,Legal,118061
Maurita,Spino,Engineering,178723
Archy,Midgely,Engineering,118244
Elmer,Aviss,"Human Resources",88697
Nanete,Antonomolii,Engineering,106408
Kordula,Enrique,Sales,111766
Levin,Rosenfeld,Engineering,149109
Zarla,Scudamore,Engineering,177254
Nanci,Maevela,Sales,85242
Rickie,Strelitzki,Engineering,164684
Abigail,Kordova,"Business Development",68455
Aldus,Hue,Engineering,150336
Ashlen,Kleisle,Engineering,94934
Zandra,Semaine,Engineering,124513
Kalie,Hamsley,Engineering,166340
Mitchael,Kilpin,Accounting,145044
Erskine,Kunkler,Accounting,132574
Eloisa,Colafate,Engineering,132753
Fin,Brigginshaw,Engineering,79062
Barron,Zannelli,Engineering,162417
Rosmunda,Slack,Sales,176029
Theresa,Imlaw,Engineering,114869
Magda,Divina,Engineering,142300
Sawyer,Braunds,"Business Development",80294
Rafferty,Arnoult,Accounting,131874
Luther,Dedenham,"Human Resources",173446
Sadella,Colcutt,Training,124335
Allianora,Hardage,"Human Resources",133422
Kelby,Rycroft,Legal,164713
Hartwell,Bercher,"Product Management",162982
Kira,Gilling,Engineering,172758
Arlene,Arkow,Accounting,96632
Brande,Yeabsley,Engineering,166664
Tarrah,Oven,Engineering,131785
Tanner,Bernardot,Legal,114395
Mohandis,Stanman,Accounting,138856
Husain,Khosa,"Product Management",93283
Malory,Bennion,"Product Management",159621
Barb,Allman,Support,138778
Blakeley,Cleaton,"Research and Development",90185
Worthy,Wilbor,Accounting,73547
Ceciley,Hains,Accounting,77931
Gabbey,Spurway,Training,133779
Jean,Bricksey,Support,114965
Nollie,Torrance,Training,87952
Nolly,Pfaffel,Engineering,90980
Renado,Stenton,"Human Resources",130802
Cammi,Cristobal,"Research and Development",150222
Chauncey,Dulwitch,Engineering,181552
Yuri,Mathiot,Services,71897
Mary,Howling,Training,98718
Elfrieda,Swindles,Sales,65776
Rhiamon,Saynor,Services,130127
Bridie,Stansby,Engineering,83536
Wilbur,Pigott,Training,139933
Oliy,Beharrell,Engineering,90936
Liuka,Cowwell,Engineering,108220
Ichabod,Ainsley,Services,162637
Jolie,Pleasance,Accounting,182462
Marten,Wrankmore,Accounting,164614
Morey,Heathcoat,"Research and Development",69302
Emlyn,Greguoli,"Research and Development",166070
Caresa,Kuzma,Engineering,152082
Bale,Jaggard,Training,94420
Gloria,Livett,Training,152087
Jacqui,Andreopolos,Accounting,131824
Enrique,Montier,Engineering,117744
Edik,Redington,Marketing,125858
Bab,Todari,"Human Resources",84875
Nollie,Tilte,Accounting,170692
Torin,Manterfield,Accounting,96908
Dolorita,Olver,Engineering,88682
Fredrick,Soles,Engineering,152069
Rossy,Wheeldon,Accounting,85665
Derrick,Haddrell,Legal,156817
Karrah,Culligan,"Product Management",163733
Pooh,Howsley,Engineering,136277
Laverna,Maryott,Engineering,174490
Ursulina,Jaeggi,Engineering,119462
Garrett,Hebblethwaite,Sales,125824
Idell,Antonutti,Accounting,119609
Leesa,Easterby,Accounting,66309
Doloritas,Jakobssen,Training,144321
Emmie,Ambrogetti,Accounting,120564
Rivalee,Smissen,"Human Resources",112328
Clovis,Baggaley,Accounting,92876
Sayer,Bremond,"Product Management",113591
Rosie,Comport,Legal,118741
Corabel,Titterell,Engineering,66009
Laetitia,Boast,Training,91854
Felike,Escalero,"Research and Development",137152
Greta,Cuttings,Training,122745
Prudence,Mariel,"Product Management",160867
Thomasina,Weedall,Engineering,105672
Cosetta,Blakebrough,Engineering,77690
Elias,Ashtonhurst,"Human Resources",117031
Ralph,Denty,Services,167794
Rhona,Heymann,Engineering,171394
Hall,Phateplace,Services,118558
Alasdair,Rudman,"Business Development",113517
Roi,Bigham,Engineering,182953
Doralyn,Dowda,Sales,103451
Evelyn,Kenson,"Business Development",120940
Fallon,Emtage,Sales,150573
Bret,Pinare,Legal,70165
Burgess,Reford,Engineering,101486
Florry,Bowart,Engineering,81254
Marie,Yggo,"Business Development",100054
Husain,Jozsika,"Human Resources",150036
Addia,Coddington,Engineering,180991
Ermengarde,Wilkisson,"Human Resources",108434
Blair,Sesser,Support,123209
Raviv,Laverick,Services,154565
Dina,Bibby,Engineering,140435
Hurleigh,MacNeilley,"Human Resources",128556
Cleo,Petrolli,Engineering,120699
Orelee,Hazley,"Research and Development",107675
Carr,Coyish,Support,76501
Sarge,Reah,Support,96369
Lilllie,Totton,"Human Resources",132980
Sabine,Capner,"Human Resources",155189
Dudley,Breche,Engineering,116115
Erl,Newlin,Accounting,88879
Tabb,McLenahan,Accounting,73446
Lyndy,Filipov,Training,144833
Mickie,Mott,"Human Resources",104001
Regan,Gumby,"Product Management",178785
Meir,Bramham,Services,172115
Mireille,Hacker,Accounting,176859
Abbott,Despenser,Accounting,65890
Nissie,Petrolli,Sales,102320
Fara,Filippo,Engineering,84424
Blondell,Sedgeworth,Services,98663
Lucila,Artinstall,Engineering,77789
Ernesta,Baudou,Sales,161609
Julita,Shakspeare,Accounting,147503
Sigfried,Seaborne,Training,85457
Gregor,Kettlestringe,Support,170280
Berny,Meth,Training,86686
Natalie,Hurler,Services,103476
Zeke,Berka,"Human Resources",77208
Kalie,O'Coskerry,"Research and Development",87298
Sayers,Reveland,Accounting,111229
Chad,Scamadine,Services,128380
Evvie,Longforth,Support,180789
Teodoro,Ensten,Engineering,76682
Prescott,Plaunch,Training,108183
Emlyn,Beard,"Product Management",174796
Powell,Shelliday,Legal,106026
Dreddy,"Le Blond",Engineering,174342
Marcela,Arnao,"Research and Development",117693
Carlos,Arnaudet,Support,65597
Peter,Carthew,Accounting,99250
Kristyn,Siward,Engineering,126088
Stephannie,Toms,Engineering,177287
Ignace,Littefair,"Business Development",98051
Haleigh,Gerling,Services,130882
Daveta,Leblanc,"Human Resources",135233
Kristan,Machans,"Product Management",105532
Fin,Bennett,"Business Development",125340
Laura,Toland,Services,88977
Niels,Boshell,Training,113770
Barret,Raw,"Human Resources",92790
Giffy,Gawne,Engineering,69745
Felipe,Aulton,Training,91284
Carmel,Feaster,Accounting,130890
Lloyd,Chellam,"Business Development",146674
Pearl,Vellender,Accounting,83368
Franny,Vannozzii,Engineering,72859
Gaultiero,Hallihane,Accounting,121012
Orville,Nesbeth,Services,143000
Leoine,Cowcha,Engineering,170723
Haven,Saville,Sales,115780
Pearle,Maple,"Business Development",135537
Rochelle,Hastwell,"Research and Development",147227
Collette,Coucha,Services,151471
Zack,Yelden,Training,91631
Hynda,Mirralls,Sales,145162
Thorny,Compford,Sales,142384
Heather,Merlin,Services,70096
Felita,Brason,"Business Development",181283
Roselia,Franceschelli,"Human Resources",113543
Cindee,Gerhardt,Engineering,143979
Rabbi,Pegden,"Business Development",177551
Obed,Weller,Engineering,104458
Grantley,Russen,"Research and Development",143345
Melodee,Zapater,Legal,97085
Chandler,Raffels,Engineering,131527
Jeralee,Guyer,Engineering,121032
Lissy,Barnbrook,Training,167242
Quintin,Baylay,Engineering,147918
Stuart,Maryan,Accounting,126533
Warner,Cawker,"Business Development",120463
Cris,Fosserd,Engineering,79323
Mohandis,Durante,Training,90759
Enrica,Matuszak,Services,120151
Angus,Bugbee,"Human Resources",174518
Zachariah,Tomkins,Sales,164423
Buffy,Espinho,Training,107500
Cchaddie,Rodenborch,"Product Management",73969
Rriocard,Sturridge,Sales,83694
Clemente,Elmore,Accounting,121102
Susanna,Order,Engineering,155476
Norby,Speaks,Accounting,116649
Josie,Titterington,Engineering,178065
Edith,Paradyce,Engineering,82568
Ingunna,Rimell,Accounting,136880
Olenolin,Jaggers,Engineering,130231
Annadiane,Mereweather,Services,163098
Queenie,Baruch,Marketing,178217
Nichols,McGeachie,Engineering,149538
Laurence,Abbot,Engineering,137187
Benedetta,Itscovitz,Sales,137566
Tina,Thrift,Sales,75045
Maryanne,Abramowsky,Services,160655
Sylvan,Staples,Engineering,118841
Zerk,Varran,Support,154463
Ozzie,Grice,Engineering,113636
Halsey,Matteau,Sales,177629
Gisela,Grinishin,Services,161133
Odilia,Dymond,Engineering,101430
Kimball,Pickett,Engineering,74368
Ruddy,Kender,Accounting,136808
Ezri,Ferrar,Accounting,108908
Deny,Whiffin,Engineering,149884
Darell,Rickwood,Accounting,120077
Roma,Offen,Support,179213
Forrester,Mowday,"Business Development",124298
Hailey,McKeney,Engineering,107068
Iormina,"Van der Kruijs",Sales,103675
Florella,Witheridge,Accounting,144601
Johan,Yesenev,Engineering,99026
Case,Soro,Training,182779
Kelly,Westmerland,Accounting,111736
Talbert,Haborn,Engineering,109658
Reagen,Spencelayh,Marketing,126076
Tobin,Antrack,Engineering,130640
Mae,Lautie,Accounting,184179
Debi,Fawckner,Accounting,125546
Gib,Olden,Engineering,170883
Antonina,Hutchinson,"Research and Development",108890
Darrel,Kiggel,Sales,128269
Karylin,Phythien,Accounting,72739
Kennedy,Greasty,Accounting,146374
Ag,Deware,Engineering,83523
Helge,Docket,Engineering,142266
Nedi,Snedker,Engineering,117680
Waly,Brealey,Services,136281
Shelba,Borthram,"Human Resources",103371
Jerrine,Astlet,Training,133391
Scarface,Kalinsky,"Business Development",158945
Laverne,Patington,"Business Development",115226
Dominique,Colliss,"Human Resources",89543
Conrado,Biddwell,Sales,73911
Silvio,Logue,Sales,87403
Maressa,Garrold,"Human Resources",170055
Yasmeen,Connue,"Business Development",176959
Misti,Ludlem,"Product Management",157263
Halimeda,Haggidon,"Human Resources",155154
Brittne,Kuhlen,Engineering,165989
Laurena,Bourthouloume,Training,162521
Mureil,Nicklinson,Services,80334
Crosby,Lanegran,Training,128723
Amye,Westmoreland,Accounting,104541
Starr,Bynert,Accounting,102135
Astrid,Silvester,"Human Resources",136218
Chicky,Bastock,Sales,139623
Westbrook,Crompton,Engineering,76963
Osmond,Redmire,Accounting,126068
Artemis,Meachem,Training,146884
Ricki,Farnie,Accounting,69097
Aylmer,Grellier,Engineering,106540
Lorene,Dibbe,Services,118673
Carmel,Hoxey,Engineering,107567
Donnell,Fencott,Engineering,101893
Jewel,Anfusso,Engineering,75630
Deirdre,Janssen,Engineering,99648
Thaddus,Vynehall,Engineering,98849
Lisa,Birtwisle,Engineering,180498
Laurette,Inston,Sales,103012
Cairistiona,Tuting,Support,90286
Weber,Servant,Engineering,111590
Rebeca,Wiszniewski,Services,80089
Mallorie,Pudan,Engineering,90335
Vernor,Collett,Engineering,71998
Vic,Gendrich,"Business Development",183304
Bink,Albrighton,"Business Development",136874
Boy,Briereton,Engineering,166115
Nata,Kornilov,Accounting,162546
Salomi,McLoughlin,"Business Development",104608
Milo,Ronca,Support,74930
Zed,Antosch,"Business Development",105826
Melantha,Glavias,"Human Resources",102779
Tyrus,Soffe,Sales,172729
Orran,Mixer,"Business Development",74305
Rollo,Nowlan,Engineering,181542
Ophelia,Brewin,Support,134601
Lemuel,Brandoni,Engineering,106572
Tobey,Dyott,Sales,160090
Elihu,Sheron,Accounting,103459
Olly,Pighills,Engineering,118723
Valerye,Lumm,Accounting,98560
Cleve,Tirrey,Sales,161847
Pinchas,Stanford,Engineering,140834
Brand,Bahls,"Research and Development",166959
Dewie,Folk,Sales,154099
Lacey,Thomazet,Accounting,125011
Lucine,Tofts,Engineering,148781
Pembroke,Jimenez,Engineering,66412
Berk,Griffitt,Accounting,147963
Vittoria,Abbots,Engineering,138509
Cherice,Flucker,Engineering,69685
Gardy,Saing,Sales,74544
Tessi,Danter,Engineering,106239
Tabatha,Entwisle,Services,148132
Miles,Doppler,Support,126359
Darcy,Hurl,Engineering,144917
Carter,Bodycote,"Human Resources",85885
Paquito,Vakhrushev,Engineering,166099
Hayes,Carleman,"Product Management",179579
Wildon,Friman,Engineering,175436
Andrea,Vautin,Sales,164956
Bevon,Pinckney,Engineering,177322
Horton,Galpen,"Product Management",175553
Glen,Altoft,Support,162485
Artur,Greet,Engineering,165588
Gabie,Cahan,Engineering,67574
Guillaume,Clynmans,"Human Resources",126623
Merle,Bordes,Auditing,171544
Karlis,Fenwick,Engineering,145722
Harmon,Swarbrick,"Product Management",161114
Brose,Stockbridge,"Business Development",167077
Mersey,Graben,Engineering,78025
Lyssa,Cathrall,Sales,70471
Poppy,Grimwade,Engineering,161291
Lorry,Claibourn,"Product Management",150754
Nat,Spellman,Engineering,144439
Sloan,Sollowaye,Engineering,147183
Rheba,Hutfield,Sales,104225
Angie,Chicchelli,Engineering,149689
Clarissa,Jemmett,Accounting,141731
Maddy,Christofe,"Business Development",89254
Vilhelmina,Burrows,Engineering,101312
Loralie,Elstub,Services,84148
Manuel,Merfin,Engineering,150023
Talyah,Aluard,Engineering,117429
Hilary,Timcke,Accounting,152787
Patrick,McGurn,Accounting,122069
Appolonia,Newick,Accounting,99103
Kessia,Yaus,Engineering,86023
Rurik,Bexon,"Human Resources",165179
Cami,Sabater,Services,82574
Kelley,Schoenrock,Engineering,155019
Klemens,Dast,Engineering,123139
Imogen,Vallery,"Research and Development",165630
Selestina,McGragh,Accounting,103411
Coletta,Goalby,Engineering,83418
Iver,Pettengell,Support,102161
Eula,Cearley,"Business Development",162860
Maiga,Carhart,Accounting,87142
Win,Aylmer,Support,123933
Libbie,Cathersides,Engineering,132799
Enrichetta,Laidel,Engineering,135135
Winny,Mosten,Accounting,130675
Silvio,Fairbrass,Engineering,75564
Jaquelyn,Fenemore,Engineering,109047
Naoma,McComish,Accounting,172539
Even,Wyllcock,"Product Management",164498
Andros,Grabiec,Engineering,137558
Tore,Ramsbottom,Training,85979
Derrick,Nyland,Training,138096
Emilio,Chilles,"Business Development",68880
Leonard,Huller,Engineering,100253
Nessie,Lemary,Engineering,80363
Gilly,Edgett,"Product Management",139957
Amelita,Grut,Sales,125025
Lorinda,Storey,Engineering,162814
Golda,Balloch,"Human Resources",114624
Marne,Ribbens,Engineering,153377
Coletta,Vasyukhichev,Engineering,178177
Fabiano,Leachman,Accounting,108643
Ellissa,Overal,Accounting,68913
Anna-diana,Goodwyn,Support,169070
Florinda,Casarili,Engineering,177193
Greta,Sheers,Training,98162
Magdalene,Timeby,Engineering,127007
Leopold,Youthead,Training,68038
Trixy,Elacoate,Accounting,140044
Constancia,Chillingsworth,Support,155788
Issi,Pionter,Engineering,157634
Marcos,Lugton,Accounting,137178
Francois,Sandeman,Sales,107856
Blakelee,Stollwerck,Engineering,154471
Eustace,Rummin,Accounting,80342
Cal,Basham,Training,74410
Dew,Fabler,"Research and Development",148446
Aube,Teresi,Engineering,150133
Nathan,Ebdon,Accounting,101861
Odelia,Figure,"Human Resources",107398
Tommy,Hext,"Human Resources",85618
Silvio,Ayree,Accounting,144514
Vincent,Bergeau,Legal,116653
Amil,Mills,"Business Development",128801
Richie,Storck,Engineering,89545
Marilin,Wherton,"Human Resources",75592
Egor,Carnall,Services,93895
Tobe,Slocombe,Accounting,112956
Natty,Cumbers,"Research and Development",74389
Sarina,MacGowing,Engineering,115604
Gaultiero,Olsson,Support,76267
Laureen,Kitney,Support,65274
Mariette,Middler,Sales,162351
Dulce,Ahrenius,Engineering,76853
Steven,Lindberg,Engineering,152986
Clayborne,Kearley,"Business Development",79671
Glenna,Wingham,Services,154425
Fredelia,Ragsdale,Accounting,75326
Rudie,Leeuwerink,Engineering,73346
Rufus,Broyd,Services,172931
Austine,Blackwood,Engineering,175095
Ange,Shortell,Engineering,85593
Sayre,Champley,Engineering,172432
Becka,Groomebridge,"Research and Development",171364
Tressa,McDonogh,Accounting,74521
Gracia,Tille,Engineering,80513
Osbourn,Gerram,"Business Development",107058
Isiahi,Paskerful,Sales,65618
Siouxie,Vellender,"Human Resources",153710
Hedwig,Grolle,Training,141499
Mara,Coverlyn,"Product Management",118565
Harmonie,Sommerling,"Research and Development",68637
Lynelle,Aris,Engineering,101289
Obidiah,Lifsey,Engineering,76310
Melina,Kubal,"Research and Development",184231
Stanford,Adamovsky,"Research and Development",125966
Monique,Mayhou,"Human Resources",151331
Leopold,Terlinden,Engineering,158802
Base,Ingold,"Business Development",139477
Cyril,Rastall,Engineering,165249
Hermia,Laudham,Sales,78351
Elisha,"de Amaya","Business Development",141597
Antoinette,Minico,Engineering,110284
Valentin,Dilger,Training,142768
Karisa,Freake,Engineering,100544
Merwin,Soot,"Research and Development",179814
Lisle,Cadalleder,Services,142465
Ivette,Pople,Engineering,171399
Mandie,Gothrup,"Human Resources",147592
Jewel,Heisler,"Product Management",161137
Katinka,Rickaert,"Business Development",158534
Jannel,Morey,"Product Management",132928
Marvin,Glisane,Engineering,176136
Archie,MacFarlane,"Research and Development",140287
Hester,Matuszkiewicz,"Product Management",80128
Christie,Chicchelli,Training,88518
Byrann,Hunnicutt,"Product Management",71434
Johnathan,Randell,"Research and Development",147299
Ludwig,Adnam,Support,117089
Shandee,Itzcovich,Training,175398
Tedi,Cawthra,"Human Resources",112874
Allegra,Vellender,Services,135030
Vickie,Bellenie,Engineering,115987
Harmony,Kirlin,Services,140835
Ofelia,Ferras,Sales,110952
Laurie,Mapstone,Support,136719
Lezlie,Edmonds,Legal,124614
Darius,Kalisz,Training,97776
Justis,Rogliero,Auditing,116400
Rufus,Daniell,"Human Resources",106858
Julie,McCorry,Accounting,177982
Whitaker,Colrein,Engineering,135427
Karel,Pedersen,Services,177873
Brianna,Rouf,Training,154635
Judith,Farn,Engineering,86443
Ravid,Shory,"Research and Development",162895
Patrice,Giller,Training,90126
Judon,Rawlinson,Auditing,140124
Shayne,Yellowlee,Services,157421
Ward,Rieger,Accounting,66541
Tandi,Philipson,Engineering,163156
Sheffield,Durward,Engineering,113251
Hermy,Stiling,"Human Resources",155263
Prentice,Gosse,Accounting,117910
Ricki,Diggell,Engineering,125899
Taddeusz,Weldrake,"Research and Development",111088
Rosene,Mangan,Services,178861
Pryce,Ekless,Marketing,79162
Curt,Baudic,Engineering,178959
Tildie,Fellos,Engineering,118715
Prudi,Garmans,Engineering,156042
Skelly,Dunnett,Accounting,93779
Blinnie,Abrahams,Services,157373
Jodee,Pahl,Accounting,183186
Sonnnie,Dunican,Engineering,162496
Raymond,Frogley,Services,93192
Zorah,Giggs,Engineering,144390
Misty,Angelo,Accounting,126535
Maryjane,Keaveny,Marketing,169303
Tait,Secrett,"Human Resources",182078
Lek,Cardello,Engineering,179247
Homerus,Burkin,Engineering,133377
Nikki,Shillitto,Training,106731
Guenevere,Furney,"Business Development",182613
Charles,Stowell,Services,138514
Gwynne,Wilman,Sales,131478
Hope,MacCallister,Services,124427
Jacenta,Dreakin,Engineering,115054
Ingelbert,Cultcheth,Accounting,94330
Leonore,Glanton,Accounting,133797
Catriona,Skyrme,Engineering,179847
Celinka,Duffield,Services,126074
Marchall,Leverington,Training,115867
Sydney,Scartifield,Engineering,103929
Laina,Itzkovwitch,Engineering,106119
Alexandre,Seel,Training,166559
Jania,Smorfit,Engineering,95763
Erna,Littlecote,Support,69426
Wake,Shippey,"Human Resources",184311
Minnie,Luckey,Accounting,80297
Bren,Walklot,Accounting,135726
Freda,Kyngdon,Accounting,126344
Adriana,O'Dogherty,Engineering,154617
Steward,Wotton,Accounting,163020
Jamie,Amsberger,Accounting,89155
Tobin,Blencowe,Engineering,121733
Barbaraanne,Keppy,"Human Resources",152277
Pablo,Maynell,Engineering,152794
Sidonia,Skettles,Support,144840
Lexis,Levins,Sales,174275
Libbey,Armor,Sales,82755
Jacky,Mompesson,"Research and Development",70291
Cy,Blakely,Engineering,96368
Delmor,Mortimer,Engineering,108385
Colene,Gullane,Services,88153
Darice,Priddy,Support,85402
Zedekiah,Andraud,Engineering,106120
Cherianne,Winkle,Accounting,161545
Claire,Newman,Services,71223
Larissa,Swadden,Support,151496
Eden,Pifford,Engineering,83508
Cullen,Ondrak,Engineering,129044
Gregorio,Humphris,Engineering,165142
Jeramey,Mordy,Accounting,115846
Myer,Wadie,"Human Resources",179209
Neila,Dodding,Engineering,120126
Liuka,Vercruysse,Accounting,147919
Collette,Trainer,Legal,117758
Ian,Odgers,"Human Resources",155460
Jeni,Northey,Accounting,86231
Valentino,Hallyburton,Training,138283
Analiese,Chatto,"Human Resources",133785
Mahalia,McElmurray,Engineering,182648
Lani,Kinnoch,Accounting,106485
Henry,Clarkin,Services,66829
Chiarra,Lee,Engineering,151888
Kristina,Kruse,"Business Development",154904
Broderic,Dronsfield,"Human Resources",180336
Warden,Benley,Legal,138118
Pamela,Dundredge,"Human Resources",93025
Dewey,Rizzone,"Human Resources",89107
Birgit,Bachshell,"Business Development",89138
Rey,Hindsberg,Engineering,139341
George,Ruthen,Services,159663
Lorens,Henningham,Services,68763
Ulick,Tunkin,"Human Resources",164095
Nikolai,Clunie,Engineering,105550
Tabatha,Ruddy,Accounting,152424
Niki,Brakewell,Accounting,177475
Obadias,Pietz,"Human Resources",100648
Molly,Apdell,"Human Resources",150178
Flori,Tatem,Accounting,164815
Rosemaria,Nancarrow,Engineering,98457
Arnaldo,Thunder,Support,136190
Kerry,Coogan,Engineering,109418
Alissa,Brock,"Business Development",134543
Bert,Cypler,Services,115196
Lorne,FitzAlan,"Research and Development",144178
Powell,Skunes,Legal,73389
Shannah,Bamfield,Services,158097
Margaux,Norquay,Engineering,131001
Gnni,Filipovic,"Business Development",101733
Debby,Brody,Support,149043
Marleah,Marler,Engineering,163398
Ellyn,Byfford,Engineering,66209
Celene,Rene,"Product Management",155517
Alistair,Pirelli,Services,79714
Naoma,Barney,Engineering,140945
Artair,Stobbie,Training,104265
Fayina,Bruster,Engineering,68948
Sammie,Kiehne,Engineering,152633
Samuel,Starte,"Research and Development",148310
Delinda,Ausello,Support,162867
Sapphire,Berwick,"Human Resources",81562
Stephi,Humber,Support,97645
Osgood,Mews,"Business Development",151945
Natka,Moyer,Accounting,103055
Nealy,Bestwerthick,Accounting,70085
Cosmo,Duce,Services,84726
Donnie,Havenhand,"Business Development",145409
Salli,Bordiss,"Business Development",142189
Shem,Scates,Sales,170786
Theda,Writtle,Training,130745
Mervin,Noice,Engineering,172565
Jervis,Boulsher,Accounting,108817
Donica,Locks,Engineering,82921
Jarad,Hawney,Sales,153419
Iago,Kisby,"Business Development",142126
Crysta,Dowda,Accounting,137713
Bondie,Bonnette,Sales,151752
Berke,Harlow,"Human Resources",92223
Amalee,Crawshaw,Engineering,94126
Lem,Michell,Engineering,154591
Klara,Dassindale,Engineering,70752
Sybille,Ettritch,Training,92832
Rex,Cheesman,Accounting,136401
Vitia,Dockrell,Accounting,74178
Denny,Greason,Engineering,141731
Vally,Mum,Training,113505
Donnie,Ruttgers,"Research and Development",92079
Elsbeth,Stapley,"Human Resources",174841
Gabriela,Grouer,Accounting,184899
Dana,Calabry,Sales,103147
Nance,Brinded,Accounting,127220
Dick,Fullard,Legal,93963
Rubetta,Dupree,"Human Resources",84218
Emera,Kemball,Engineering,85257
Maiga,Sier,Accounting,127460
Miltie,Scothron,Engineering,150715
Martynne,Stolte,Accounting,155252
Quint,Jankin,Accounting,108901
Ketti,Callcott,"Business Development",98191
Gustavo,Fishleigh,Sales,108237
Lettie,Jancar,Engineering,156461
Hannie,Moncrefe,Sales,170527
Stepha,Newburn,Services,92518
Madonna,Cofax,"Product Management",177558
Ardyce,Kordes,Accounting,165041
Hilarius,Matevushev,Marketing,149923
Aggy,Mankor,Engineering,98510
Carly,Durbyn,Training,147310
Bonnibelle,Eddies,Engineering,112275
Darelle,Page,Engineering,128143
Grayce,Draysay,Engineering,78447
Corbin,Corston,"Human Resources",177947
Trina,Lympenie,Accounting,147183
Merrie,Tricker,Engineering,100550
Edie,Benettolo,Engineering,153415
Zeke,Skilbeck,Training,169496
Emelita,Gadie,Accounting,156659
Gilles,Kenworthey,Sales,162407
Jeddy,Porker,Engineering,83896
Aldon,Fasler,Support,110968
Jasper,Fitzsimons,Support,146993
Claudius,Schooling,Sales,74254
Therine,Burgott,Sales,137517
Mirabel,Busch,Accounting,139950
Davita,Eagan,Marketing,111944
Eugenius,Alesbrook,"Business Development",138990
Cory,Feak,Services,152082
Meagan,Sutworth,Accounting,107505
Clarabelle,Ellesmere,"Business Development",143337
Orren,Suche,Marketing,118149
Suzette,Cheyne,Engineering,90020
Lockwood,Shiel,Sales,121735
Lulu,Kitman,Engineering,175424
Sharleen,Bridgewood,Engineering,131467
Aindrea,Fortesquieu,Accounting,156163
Llewellyn,Wathey,"Business Development",97546
Leila,Charon,Engineering,131202
Barbee,Ferrario,Engineering,151169
Bettine,Petrello,Engineering,147712
Derrick,Brandes,"Human Resources",179254
Shelli,Macey,Engineering,79006
Rani,Chace,Accounting,170093
Luci,Duesberry,"Business Development",111545
Grissel,Neward,"Business Development",128164
Mack,Bruyns,Training,138621
Rhiamon,Toderini,Sales,90683
Oralia,Fairlaw,"Research and Development",82061
Klara,Endrighi,Engineering,102996
Roi,"Mc Faul",Training,84858
Michaelina,Dannett,Accounting,154465
Melissa,Aksell,Training,144690
Tynan,Cummine,Engineering,111001
Leopold,Aysh,Accounting,111756
Mildred,Mearing,Accounting,131090
Kary,Adamec,Engineering,158518
Ricardo,Ionnisian,Marketing,122586
Nolan,Strass,Marketing,184947
Lewie,Jocic,"Research and Development",129858
Angel,Fealty,Sales,136041
Waylon,Ayerst,Engineering,106387
Toinette,Greatbatch,Accounting,146926
Faulkner,Jarville,Engineering,148283
Flory,Antonucci,"Research and Development",178971
Lenka,Goter,Engineering,168735
Licha,Sperwell,Training,92448
Blondelle,Coppin,Sales,111213
Carlynn,Tytherton,Support,77272
Quinn,Rutter,Legal,120197
Willabella,Toretta,"Human Resources",133676
Tally,Bulleyn,Marketing,182959
Joseph,Rubertelli,Accounting,110951
Cyrille,Deinhardt,"Business Development",129831
Melody,Baynton,"Human Resources",147883
Bari,Pasticznyk,Engineering,66882
Moishe,Barson,Training,72013
Dar,Warrington,Training,87017
Cyrus,Brunroth,Services,125623
Gardie,Olivas,Accounting,101606
Kassia,Basset,"Research and Development",107592
Xenos,Erickssen,Services,174676
Urbain,Wenden,Accounting,112487
Editha,Oakeshott,Engineering,87520
Edward,Bambury,"Business Development",112873
Aldus,Bartlomiejczyk,Support,122887
Alys,Jakolevitch,"Human Resources",181335
Leopold,Benettini,Engineering,169144
Huntley,Demko,Sales,168076
Herbert,Clayton,"Human Resources",141183
Adella,Humbee,Training,89346
Von,Springall,"Research and Development",87949
Willie,Gomme,Accounting,127554
Letisha,Daish,Accounting,121741
Batsheva,"De Cruze",Accounting,76195
Babette,Drohun,"Business Development",121326
Ulick,Filoniere,Engineering,87247
Dulcinea,Cowely,"Human Resources",183809
Emanuele,Mitrovic,Engineering,177329
Darla,Spinola,Engineering,100204
Edouard,Zamora,Engineering,75772
Mozes,Dightham,Engineering,129553
Kelsy,Richemond,"Human Resources",154380
Jed,Petticrew,Engineering,83870
Mirna,Bertolaccini,"Research and Development",79310
Katee,Venmore,"Research and Development",123853
Neala,Hassey,Training,155717
Perren,Touret,Sales,137893
Sher,Bottrill,Engineering,134199
Shauna,Glenton,Engineering,181770
Eilis,Vinnick,Engineering,78917
Lovell,Brierly,Sales,86941
Nilson,Serrurier,Legal,65128
Vasilis,Bunt,Engineering,75184
Martguerita,Arundale,"Product Management",129655
Chaddy,Cranham,"Research and Development",149111
Kalle,Bresnahan,"Research and Development",113357
Godart,Parton,Engineering,74615
Gaylene,Bazely,Training,144781
Sindee,Rosewall,Sales,66414
Clarie,Cauley,Engineering,141055
Kirbee,McTrustey,Accounting,142500
Brok,Sanham,"Business Development",76775
Cordelie,Grisenthwaite,Engineering,104512
Lydie,Rigney,Support,123912
Dacie,Ardern,Accounting,125710
Allie,Toner,Accounting,181704
Sharlene,Everiss,Sales,136069
Revkah,MacVaugh,Marketing,94973
Masha,Stendell,Accounting,131754
Alix,Ferguson,Training,98890
Lanna,Mongin,Engineering,100948
Karine,Dello,Sales,132308
Merle,Heigold,Accounting,65924
Janeta,Worner,"Product Management",160420
Zaria,Milan,"Business Development",150226
Chadd,Steagall,Engineering,151277
Bendite,Selkirk,Engineering,65936
Albrecht,Patsall,Accounting,162927
Templeton,Barhams,Engineering,99153
Jorie,Baynom,Training,155278
Bonny,Warder,"Business Development",178025
Nollie,Goddert.sf,Accounting,91136
Madel,Madgewick,"Business Development",97655
Reinwald,Reinbech,Legal,155430
Redford,Garlinge,Engineering,135797
Whitby,Christauffour,"Business Development",116931
Josefa,Salleir,Services,173868
Even,Luckie,Training,69876
Morna,Bladge,"Human Resources",176844
Allis,Fayter,Services,81323
Stoddard,Schiefersten,Engineering,124643
Pablo,Durn,Accounting,91771
Jarib,Flanner,"Research and Development",82269
Michaelina,Smallpeice,Support,160715
Emylee,MacNab,Services,68038
Tremayne,Jeakins,"Product Management",109508
Hubey,Buxy,"Research and Development",78047
Mahmoud,Heintsch,Services,93084
Dani,Moyles,Accounting,184264
Thatch,Hewson,"Product Management",123515
Catha,Markel,Engineering,66850
Evelyn,Scones,Accounting,84591
Wadsworth,Burress,Sales,177285
Morena,Fowley,Sales,80509
Julietta,Haynesford,Accounting,130451
Gwendolyn,Covington,Engineering,131977
Kassi,Richings,Accounting,124169
Rubie,Falloon,"Human Resources",85971
Wade,Notley,Sales,68414
Antonie,Cutbush,"Human Resources",109407
Ola,McCurlye,Accounting,146547
Norri,Lukasen,Training,76445
Ax,Alishoner,"Human Resources",77922
Danya,Greiswood,"Human Resources",160657
Marven,Sehorsch,Support,111379
Montgomery,Skep,Engineering,119403
Britt,Iacomettii,Engineering,134104
Eb,"De L'Isle",Sales,84336
Lezlie,Forsdyke,Engineering,169397
Bryan,Tumpane,Accounting,164515
Hinda,Bourdis,Engineering,92221
Norah,Pakes,Support,69793
Maible,Deane,Engineering,101444
Oona,Waren,Accounting,158599
Neddy,Brownstein,Engineering,98956
Meaghan,Thumnel,"Human Resources",134423
Kattie,Diehn,Engineering,159861
Osborn,Schowenburg,Sales,76327
Sanford,Ollie,Engineering,171201
Alecia,Corn,Accounting,136769
Terza,Wragge,"Research and Development",136587
Doti,Boltwood,"Human Resources",124426
Gusti,Kilday,Engineering,167367
Judie,Parkisson,Accounting,175956
Alia,Hallwood,Engineering,93408
Stearn,Limpenny,Services,138192
Nickolaus,Crossdale,Support,164738
Enriqueta,Mouget,Engineering,177817
Agnes,Tilbrook,Engineering,166561
Mirabella,McHarry,Engineering,109802
Alain,Hinsch,"Human Resources",104999
Daile,Pimlott,Marketing,77789
Zaccaria,Pardon,Accounting,108404
Henri,Skevington,Training,134671
Eilis,Juliff,Sales,76452
Angil,Maevela,"Business Development",156698
Richie,Izzatt,Engineering,98054
Westbrook,Gadson,Engineering,130531
Sammie,McQuillen,Support,98933
Steffi,Febre,"Research and Development",150707
Dud,Yanshonok,"Human Resources",96323
Marinna,Shalcras,Services,83059
Theo,Hazelhurst,Training,80377
Nissy,Adderson,"Product Management",129067
Lester,Mayman,"Business Development",115134
Mallorie,Luckes,Sales,128826
Durante,Luca,"Research and Development",92336
Xenia,Bates,Accounting,149213
Lambert,Freund,Accounting,158540
Isa,Mesnard,Training,145654
Irving,Terrington,Sales,71242
Kamilah,Warner,Support,127989
Levey,Mallia,Engineering,171423
Lib,Gofforth,"Business Development",152489
Norman,Pohls,Services,158215
Bail,Luckett,Training,128117
Veronica,Parks,Accounting,98872
Joseito,Reavell,Legal,121516
Ashien,Cornhill,Support,183757
Gun,Biasetti,Training,132073
Isac,Jefferies,Training,65351
Mychal,Scopyn,Services,109677
Jacquette,Giacometti,Engineering,157959
Dinnie,Scoular,Support,132946
Eustace,Sporrij,Training,150351
Bea,Powter,"Product Management",155409
Donella,Cardwell,Training,98230
Minor,Milmith,Services,164586
Amber,Neillans,"Research and Development",150109
Linell,Camock,Services,110014
Karyn,Whinray,Engineering,81714
Tanny,Bertot,"Product Management",89312
Birch,Ausiello,Sales,158270
Ford,Vamplew,Engineering,164183
Andre,Dawidsohn,Sales,83821
Gertie,McIllrick,"Human Resources",82490
Parsifal,Lancashire,"Product Management",141562
Read,O'Dougherty,Training,97667
Candida,Anster,Engineering,139759
Marlo,Tute,Engineering,123233
Meris,Berger,Engineering,148039
Gabriello,Colquete,Training,90241
Lauri,Harrald,Training,80625
Aluino,Prowting,Engineering,122918
Cris,Yele,"Business Development",117149
Darb,D'Aguanno,"Product Management",119942
Coop,Tompkins,"Business Development",121317
Halsey,Surmeyers,Services,73387
Will,Mewett,"Human Resources",150939
Carmine,Farney,Services,120008
Georg,Phipard-Shears,Sales,86616
Waldemar,Dory,"Product Management",115443
Chickie,Liston,Engineering,139214
Lauree,Hector,Support,119528
Nobe,Dannel,"Research and Development",166477
Benn,Granger,"Human Resources",148516
Chery,Bunn,Sales,179679
Nikolas,Goulston,Training,167355
Barr,Bantock,Accounting,88042
Eldredge,Dean,Accounting,147512
Enrique,Jiruch,Engineering,141271
Armin,Ceney,Engineering,165797
Amelia,Sturgeon,Legal,149708
Alfie,Abrahamsen,Training,76853
Morten,Berge,Engineering,156315
Drucy,Hindrich,Marketing,72830
Glen,Conaboy,Sales,68473
Husein,Etheredge,Sales,65618
Gates,"de Grey","Research and Development",149655
Lorraine,Allmen,Engineering,170121
Valentino,Gocher,Engineering,163671
Pace,Drillot,Engineering,179882
Liva,Vosse,"Human Resources",165018
Verile,Firebrace,Engineering,109842
Phillida,Millhouse,Engineering,183337
Tressa,Ben-Aharon,Engineering,148708
Allis,Trodler,Engineering,109177
Bale,Gosdin,Accounting,104086
Morgana,Matheson,Support,72697
Moreen,Fewtrell,"Business Development",152465
Carla,Pinckard,"Human Resources",133403
Nils,Elmar,Engineering,121189
Wyatan,Degoey,Accounting,91486
Prudi,Fills,Training,93015
Broderick,Rabson,Engineering,96314
Jany,Halton,Sales,146558
Titus,Croome,Services,133352
Constantino,Prettyjohns,Accounting,158051
Gwenore,Flanaghan,"Human Resources",108025
Dag,Krzyzowski,Services,143132
Skylar,Yokley,"Human Resources",171518
Aldric,Lowless,Engineering,115119
Ryan,Kitlee,Engineering,139403
Elmira,Corsor,Training,134719
Ellen,Rops,Support,148154
Lynde,Muffin,Training,79536
Barnaby,Hostan,Engineering,176328
Rurik,Catterson,"Business Development",175636
Alidia,Barkworth,Accounting,103105
Julieta,Oliveras,Sales,142688
Maximo,King,Engineering,70429
Sky,Poundsford,Accounting,79855
Roslyn,Pillinger,Engineering,145744
Rosene,Kift,Accounting,94914
Lenora,Massenhove,"Product Management",139611
Devland,Saphir,Training,78284
Gardie,Tumpane,"Business Development",175718
Elijah,Couldwell,Services,104695
Sallyanne,Feeley,Engineering,154129
Pebrook,Matevosian,"Business Development",160539
Cassey,Soall,Engineering,149715
Devonna,Jeandin,Support,121081
Olympie,Newbigging,Engineering,99112
Loy,Crampton,Accounting,95438
Haywood,Burtenshaw,Support,140331
Ralph,Cavalier,Training,148946
Nichols,Relfe,Engineering,113725
Forrester,Peebles,Sales,160073
Izzy,Diver,Engineering,143863
Susie,Simkin,"Human Resources",156618
Kimmy,Eastby,Training,83265
Giraldo,Braine,"Business Development",162601
Caitlin,Kyffin,Legal,155539
Beatrisa,Tapin,Engineering,102207
Myrta,Morton,Sales,179805
Neysa,Mottershaw,Accounting,74119
Clarabelle,Meredyth,Accounting,118477
Lucinda,Artist,"Human Resources",178245
Modesta,Wilsdon,Training,162327
Johny,Tonry,Marketing,141182
Maye,Poundford,"Human Resources",181791
Clement,Colquhoun,Engineering,84857
Lissa,Raleston,Sales,180589
Felipa,Kitcat,Accounting,121711
Constancia,Sussex,"Business Development",135412
Karolina,Skentelbury,Support,150047
Jerrine,Byneth,Engineering,71068
Jsandye,Popping,Services,125149
Ogden,Kelly,Engineering,100439
Welch,Atterley,Services,183857
Rodolfo,Voase,"Human Resources",154666
Marlo,Cuningham,Services,130400
Jan,Bourdas,Training,127494
Blakeley,Douche,Training,154381
Darrin,Mowbury,Support,129526
Gian,Cradick,Engineering,179180
Bastian,Petrak,Engineering,95051
Cyndi,Lafaye,Accounting,114518
Charmion,Kindread,Engineering,101805
Kyrstin,Jurczik,Engineering,122056
Dallis,Medland,Accounting,85638
Layla,Losel,Engineering,105110
Quillan,Furnival,Services,172170
North,Malenoir,Engineering,120631
Antone,Jovis,Engineering,102685
Pincus,Lawleff,Marketing,117706
Aridatha,Grassick,"Business Development",170053
Jesus,Dyneley,Engineering,105379
Madelin,Simond,"Business Development",72118
Kenneth,Eastgate,Accounting,143525
Garrot,Hempel,Engineering,172139
Tiphany,Avey,"Business Development",87335
Sargent,ducarme,"Research and Development",82128
Diane,Bodsworth,"Business Development",67450
Isabelle,Jikylls,"Research and Development",65544
Cyrille,"Van Hesteren",Training,136506
Brigham,Lansly,Engineering,87102
Tonnie,Garahan,Legal,105331
Elka,Chevin,Training,142343
Pace,"De Few",Accounting,85111
Regina,Iacovolo,Engineering,72172
Daron,Hardiker,Accounting,139362
Serge,Daw,Accounting,138780
Philomena,Pattemore,Engineering,152547
Ardelis,Brinkley,"Business Development",71273
Freddy,Putman,Engineering,146286
Maxwell,Radish,"Human Resources",79340
Tammi,Dufer,Engineering,158159
Syman,Porter,Training,74362
Madelin,Griniov,Support,184804
Susie,Trowell,Training,117867
George,Provest,Support,71815
Arley,Fuller,"Business Development",120877
Jase,Gudgin,Accounting,176590
Avie,Mortell,Engineering,139800
Rori,Prettyjohn,Accounting,124541
Louie,Collihole,"Product Management",115046
Betteanne,Garrud,"Business Development",71421
Mandel,Lemery,"Business Development",107098
Jethro,Raggles,Accounting,135105
